,TASA_PISO_TIERRA,TASA_SIN_DRENAJE,TASA_SIN_ELEC,TASA_SIN_BIENES,TASA_1_CUARTO,TASA_LETRINA,HACINAMIENTO,SCORE_REZAGO,PRO_OCUP_C,VPH_INTER,VPH_AUTOM,VPH_PC,VPH_REFRI,GRAPROES,n_bancos,n_cafes,n_inmobiliarias,n_empenos,n_usados,n_yonques,VALOR_CATASTRAL_MAX,abandono_alto
2603000010023,0.0066555,0.0,0.0,0.0,0.014925,0.0,0.0,0.0,0.0,0.0,0.0,0.0,0.0,0.0,1.0,0.0,1.0,0.0,0.0,0.0,4115.0,0
2603000010076,0.0066555,0.0,0.0,0.0,0.014925,0.0,0.86,0.158587,0.86,223.0,218.0,159.0,309.0,10.53,0.0,0.0,0.0,0.0,0.0,0.0,833.0,0
2603000010080,0.0,0.0,0.020513,0.015385,0.0,0.0,1.13,0.194316,1.13,58.0,64.0,53.0,180.0,9.24,0.0,0.0,0.0,0.0,0.0,0.0,0.0,1
2603000010095,0.0066555,0.0,0.0,0.008287,0.014925,0.0,1.07,0.269572,1.07,221.0,229.0,137.0,371.0,10.2,0.0,1.0,0.0,0.0,0.0,0.0,3330.0,0
2603000010108,0.0,0.0,0.0,0.0,0.0,0.0,1.0,0.142857,1.0,60.0,49.0,39.0,74.0,11.65,0.0,0.0,0.0,0.0,0.0,0.0,0.0,0
2603000010112,0.0066555,0.0,0.0,0.0,0.0,0.0,0.73,0.121667,0.73,313.0,335.0,295.0,344.0,14.69,0.0,0.0,0.0,0.0,0.0,0.0,6415.0,0
2603000010131,0.0,0.0,0.0,0.0,0.013841,0.0,0.61,0.08912,0.61,296.0,299.0,281.0,302.0,15.12,0.0,0.0,0.0,0.0,0.0,0.0,2376.0,0
2603000010146,0.0066555,0.0,0.0,0.0,0.014925,0.0,0.0,0.0,0.0,0.0,0.0,0.0,0.0,0.0,0.0,0.0,0.0,0.0,0.0,0.0,1548.0,0
2603000010150,0.0066555,0.0,0.0,0.0,0.014925,0.0,0.86,0.158587,0.86,223.0,218.0,159.0,309.0,10.53,0.0,1.0,0.0,0.0,0.0,0.0,698.0,0
260300001017A,0.272727,0.0,0.0,0.0,0.363636,0.272727,1.67,0.368441,1.67,223.0,5.0,159.0,12.0,8.14,0.0,0.0,0.0,0.0,0.0,0.0,698.0,0
2603000010199,0.0,0.0,0.0,0.0,0.0,0.0,0.94,0.134286,0.94,30.0,19.0,7.0,30.0,11.37,0.0,0.0,0.0,0.0,0.0,0.0,1900.0,1
2603000010216,0.0,0.0,0.0,0.0,0.0,0.0,0.99,0.165,0.99,32.0,29.0,22.0,57.0,10.31,0.0,0.0,0.0,0.0,0.0,0.0,1493.0,0
2603000010220,0.0,0.0,0.0,0.0,0.014925,0.0,1.4,0.233333,1.4,0.0,218.0,0.0,309.0,8.43,0.0,0.0,0.0,0.0,0.0,0.0,1493.0,0
260300001024A,0.0066555,0.0,0.0,0.0,0.014925,0.0,0.86,0.158587,0.86,223.0,218.0,159.0,309.0,10.53,0.0,0.0,0.0,0.0,0.0,0.0,0.0,0
2603000010273,0.0066555,0.0,0.0,0.0,0.014925,0.0,1.38,0.276,1.38,0.0,218.0,0.0,309.0,5.83,0.0,0.0,0.0,0.0,0.0,0.0,0.0,0
2603000010288,0.0066555,0.0,0.0,0.0,0.014925,0.0,1.32,0.264,1.32,0.0,218.0,0.0,3.0,8.22,0.0,0.0,0.0,0.0,0.0,0.0,0.0,0
2603000010292,0.0066555,0.0,0.0,0.0,0.014925,0.0,0.0,0.0,0.0,0.0,0.0,0.0,0.0,0.0,0.0,0.0,0.0,0.0,0.0,0.0,0.0,0
2603000010305,0.0,0.0,0.0,0.0,0.014925,0.0,1.45,0.29,1.45,223.0,5.0,4.0,9.0,9.05,0.0,0.0,0.0,0.0,0.0,0.0,0.0,1
260300001031A,0.0066555,0.0,0.0,0.0,0.014925,0.0,0.0,0.0,0.0,0.0,0.0,0.0,0.0,0.0,0.0,0.0,0.0,0.0,0.0,0.0,0.0,0
2603000010324,0.0066555,0.0,0.0,0.0,0.014925,0.0,0.0,0.0,0.0,0.0,0.0,0.0,0.0,0.0,0.0,0.0,0.0,0.0,0.0,0.0,0.0,0
2603000010339,0.023121,0.0,0.0,0.0,0.017341,0.0,0.91,0.13578,0.91,219.0,224.0,160.0,262.0,13.34,0.0,0.0,0.0,0.0,0.0,0.0,1245.0,1
2603000010343,0.004149,0.0,0.0,0.0,0.0,0.0,0.76,0.127358,0.76,597.0,659.0,548.0,750.0,13.59,0.0,0.0,0.0,0.0,0.0,0.0,2913.0,0
2603000010358,0.0066555,0.0,0.0,0.0,0.0,0.0,0.98,0.196,0.98,68.0,83.0,66.0,131.0,11.12,0.0,0.0,0.0,0.0,0.0,0.0,1270.0,1
2603000010362,0.0,0.0,0.0,0.0,0.0,0.0,0.63,0.09,0.63,122.0,124.0,113.0,124.0,15.17,0.0,0.0,1.0,0.0,0.0,0.0,3119.0,1
2603000010377,0.0066555,0.0,0.0,0.0,0.014925,0.0,0.86,0.158587,0.86,223.0,218.0,159.0,309.0,10.53,0.0,0.0,0.0,0.0,0.0,0.0,2090.0,0
2603000010381,0.107143,0.0,0.357143,0.0,0.107143,0.25,1.04,0.310238,1.04,5.0,12.0,5.0,17.0,8.51,0.0,0.0,0.0,0.0,0.0,0.0,2865.0,1
2603000010396,0.0,0.0,0.0,0.0,0.0,0.0,0.77,0.11,0.77,328.0,342.0,281.0,383.0,13.52,0.0,0.0,0.0,0.0,0.0,0.0,354.0,1
2603000010409,0.0066555,0.0,0.0,0.008721,0.0,0.0,1.05,0.211744,1.05,196.0,212.0,115.0,327.0,10.71,2.0,0.0,1.0,0.0,0.0,0.0,1871.0,0
2603000010413,0.6,0.0,0.0,0.0,0.6,1.0,1.29,0.698,1.29,0.0,0.0,0.0,309.0,7.33,0.0,0.0,0.0,0.0,0.0,0.0,0.0,1
2603000010428,0.0066555,0.0,0.0,0.0,0.014925,0.0,0.86,0.158587,0.86,223.0,218.0,159.0,309.0,10.53,0.0,0.0,0.0,0.0,0.0,0.0,1059.0,0
2603000010432,0.0,0.0,0.0,0.0,0.0,0.0,1.05,0.175,1.05,17.0,17.0,6.0,33.0,9.64,0.0,0.0,0.0,0.0,0.0,0.0,1493.0,0
2603000010466,0.0,0.0,0.0,0.0,0.0,0.0,0.68,0.097143,0.68,114.0,120.0,111.0,120.0,15.87,0.0,0.0,0.0,0.0,0.0,0.0,2530.0,0
2603000010470,0.0,0.0,0.0,0.0,0.0,0.0,0.82,0.117143,0.82,321.0,352.0,287.0,407.0,13.5,0.0,0.0,0.0,0.0,0.0,0.0,0.0,0
260300001049A,0.0,0.007264,0.009685,0.007264,0.014925,0.0,1.13,0.192369,1.13,105.0,171.0,77.0,377.0,9.33,0.0,0.0,0.0,0.0,0.0,0.0,1270.0,0
2603000010502,0.0,0.0,0.0,0.006462,0.0,0.0,1.11,0.186077,1.11,400.0,310.0,234.0,581.0,10.26,0.0,1.0,0.0,0.0,0.0,0.0,1570.0,0
2603000010517,0.0066555,0.0,0.0,0.0,0.0,0.0,1.05,0.2625,1.05,500.0,455.0,300.0,763.0,10.3,0.0,0.0,0.0,0.0,0.0,0.0,3330.0,0
2603000010521,0.0066555,0.0,0.0,0.0,0.0,0.0,1.13,0.226,1.13,177.0,247.0,140.0,467.0,9.79,0.0,0.0,0.0,0.0,0.0,0.0,1221.0,1
2603000010536,0.0,0.0,0.0,0.0,0.0,0.0,1.05,0.175,1.05,27.0,29.0,19.0,43.0,11.53,0.0,0.0,0.0,0.0,0.0,0.0,0.0,0
2603000010540,0.0066555,0.0,0.0,0.0,0.0,0.0,0.64,0.106667,0.64,179.0,181.0,169.0,184.0,15.62,0.0,0.0,1.0,0.0,0.0,0.0,4160.0,0
2603000010555,0.004373,0.0,0.0,0.0,0.004373,0.0,1.09,0.219749,1.09,397.0,414.0,253.0,685.0,10.46,0.0,0.0,0.0,0.0,0.0,0.0,1352.0,0
260300001056A,0.0066555,0.0,0.0,0.0,0.0,0.0,0.87,0.29,0.87,388.0,383.0,223.0,587.0,11.17,0.0,2.0,0.0,0.0,0.0,0.0,1379.0,0
2603000010574,0.0,0.0,0.0,0.0,0.0,0.0,0.83,0.118571,0.83,253.0,270.0,193.0,343.0,12.14,0.0,0.0,0.0,0.0,0.0,0.0,0.0,0
2603000010593,0.0066555,0.0,0.0,0.003106,0.014925,0.0,1.02,0.255777,1.02,823.0,655.0,412.0,1264.0,9.72,0.0,0.0,0.0,0.0,0.0,0.0,1412.0,0
2603000010606,0.0,0.0,0.0,0.0,0.0,0.0,1.04,0.148571,1.04,130.0,128.0,89.0,165.0,11.78,0.0,0.0,0.0,0.0,0.0,0.0,1352.0,0
2603000010610,0.0066555,0.0,0.0,0.0,0.0,0.0,1.01,0.168333,1.01,172.0,163.0,122.0,203.0,11.72,0.0,0.0,0.0,0.0,0.0,0.0,3330.0,1
2603000010625,0.0,0.0,0.0,0.0,0.0,0.0,0.59,0.084286,0.59,101.0,102.0,95.0,103.0,15.03,0.0,0.0,0.0,0.0,0.0,0.0,5725.0,0
260300001063A,0.011742,0.0,0.0,0.0,0.014925,0.0,1.07,0.18029,1.07,331.0,271.0,190.0,478.0,10.22,0.0,0.0,0.0,0.0,0.0,0.0,1308.0,0
2603000010644,0.0,0.0,0.0,0.0,0.0,0.0,0.55,0.078571,0.55,54.0,55.0,54.0,55.0,15.36,0.0,0.0,0.0,0.0,0.0,0.0,4860.0,1
2603000010659,0.0,0.0,0.0,0.0,0.014925,0.0,0.57,0.114,0.57,23.0,25.0,23.0,26.0,14.85,0.0,0.0,0.0,0.0,0.0,0.0,4860.0,0
2603000010663,0.492647,0.323529,0.051471,0.058824,0.477941,0.227941,1.69,0.474622,1.69,22.0,60.0,9.0,116.0,7.72,0.0,0.0,0.0,0.0,0.0,0.0,0.0,0
2603000010678,0.0066555,0.0,0.0,0.0,0.0,0.0,0.85,0.141667,0.85,244.0,245.0,223.0,278.0,13.63,0.0,0.0,0.0,0.0,0.0,0.0,3155.0,1
2603000010682,0.5,0.0,0.9,0.0,0.5,0.5,1.25,0.73,1.25,0.0,218.0,159.0,309.0,7.38,0.0,0.0,0.0,0.0,0.0,0.0,2865.0,1
2603000010697,0.0,0.0,0.0,0.0,0.0,0.0,0.63,0.09,0.63,82.0,80.0,78.0,84.0,15.75,0.0,0.0,0.0,0.0,0.0,0.0,4160.0,0
260300001070A,0.0066555,0.0,0.0,0.0,0.014925,0.0,0.62,0.124,0.62,246.0,246.0,234.0,256.0,14.71,0.0,1.0,0.0,0.0,0.0,0.0,3853.0,0
2603000010714,0.052632,0.0,0.0,0.0,0.0,0.0,0.63,0.097519,0.63,97.0,97.0,94.0,98.0,15.41,0.0,0.0,0.0,0.0,0.0,0.0,0.0,1
2603000010729,0.0066555,0.0,0.0,0.0,0.014925,0.0,0.85,0.17,0.85,243.0,252.0,203.0,326.0,12.75,0.0,0.0,0.0,0.0,0.0,0.0,1371.0,0
2603000010733,0.0066555,0.0,0.0,0.0,0.014925,0.0,0.0,0.0,0.0,0.0,0.0,0.0,0.0,0.0,0.0,0.0,0.0,0.0,0.0,0.0,0.0,0
2603000010748,0.0,0.0,0.0,0.0,0.0,0.0,0.92,0.131429,0.92,18.0,19.0,19.0,21.0,14.0,0.0,0.0,0.0,0.0,0.0,0.0,0.0,1
2603000010752,0.0066555,0.0,0.0,0.0,0.014925,0.0,0.0,0.0,0.0,0.0,0.0,0.0,0.0,0.0,0.0,0.0,0.0,0.0,0.0,0.0,0.0,0
2603000010767,0.0066555,0.0,0.0,0.0,0.014925,0.0,0.0,0.0,0.0,0.0,0.0,0.0,0.0,0.0,0.0,2.0,0.0,0.0,0.0,0.0,0.0,0
2603000010771,0.888889,0.555556,0.833333,0.166667,0.333333,0.777778,1.21,0.680794,1.21,0.0,11.0,159.0,5.0,5.82,0.0,0.0,0.0,0.0,0.0,0.0,0.0,0
2603000010786,0.659091,0.159091,0.113636,0.159091,0.5,0.204545,2.02,0.545065,2.02,223.0,15.0,159.0,27.0,7.36,0.0,0.0,0.0,0.0,0.0,0.0,0.0,1
2603000010790,0.205479,0.027397,0.006849,0.02968,0.23516,0.125571,1.42,0.292877,1.42,46.0,155.0,65.0,402.0,8.12,0.0,3.0,0.0,0.0,0.0,0.0,856.0,0
2603000010803,0.569579,0.084142,0.038835,0.035599,0.427184,0.278317,1.68,0.444808,1.68,19.0,86.0,6.0,202.0,7.73,0.0,0.0,0.0,0.0,0.0,0.0,0.0,0
2603000010818,0.0066555,0.0,0.0,0.0,0.014925,0.0,0.0,0.0,0.0,0.0,0.0,0.0,0.0,0.0,0.0,0.0,0.0,0.0,0.0,0.0,0.0,0
2603000010837,0.0066555,0.0,0.0,0.0,0.014925,0.0,0.0,0.0,0.0,0.0,0.0,0.0,0.0,0.0,0.0,0.0,0.0,0.0,0.0,0.0,0.0,0
2603000010841,0.0066555,0.0,0.0,0.0,0.014925,0.0,0.0,0.0,0.0,0.0,0.0,0.0,0.0,0.0,0.0,0.0,0.0,0.0,0.0,0.0,0.0,0
2603000010894,0.0,0.0,0.0,0.0,0.0,0.0,0.88,0.125714,0.88,90.0,103.0,69.0,174.0,10.64,0.0,1.0,0.0,0.0,0.0,0.0,1270.0,0
2603000010907,0.0,0.0,0.0,0.0,0.0,0.0,1.03,0.171667,1.03,632.0,557.0,370.0,898.0,10.82,0.0,1.0,0.0,0.0,0.0,0.0,2010.0,1
2603000010911,0.0,0.0,0.0,0.0,0.0,0.0,1.11,0.158571,1.11,71.0,56.0,39.0,91.0,10.6,0.0,0.0,0.0,0.0,0.0,0.0,3330.0,0
2603000010926,0.714286,0.0,0.0,0.0,0.714286,0.0,1.74,0.633714,1.74,223.0,8.0,159.0,14.0,7.88,0.0,0.0,0.0,0.0,0.0,0.0,0.0,1
2603000010945,0.008451,0.0,0.0,0.0,0.0,0.0,0.86,0.124064,0.86,299.0,315.0,266.0,370.0,13.66,0.0,0.0,0.0,0.0,0.0,0.0,3155.0,1
260300001095A,0.0,0.0,0.0,0.0,0.0,0.0,0.72,0.102857,0.72,222.0,221.0,208.0,236.0,14.53,0.0,0.0,0.0,0.0,0.0,0.0,1985.0,0
2603000010964,0.0066555,0.0,0.0,0.0,0.014925,0.0,0.0,0.0,0.0,0.0,0.0,0.0,0.0,0.0,0.0,0.0,0.0,0.0,0.0,0.0,0.0,0
2603000011055,0.74359,0.179487,0.076923,0.153846,0.615385,0.153846,1.6,0.503297,1.6,223.0,4.0,159.0,16.0,7.41,0.0,0.0,0.0,0.0,0.0,0.0,906.0,0
260300001106A,0.0066555,0.0,0.0,0.0,0.014925,0.0,0.0,0.0,0.0,0.0,0.0,0.0,0.0,0.0,0.0,1.0,0.0,0.0,0.0,0.0,2090.0,0
2603000011074,0.0,0.0,0.0,0.0,0.0,0.0,0.62,0.088571,0.62,303.0,304.0,297.0,304.0,15.58,0.0,0.0,0.0,0.0,0.0,0.0,5725.0,0
2603000011089,0.0066555,0.0,0.0,0.0,0.014925,0.0,0.0,0.0,0.0,0.0,0.0,0.0,0.0,0.0,0.0,0.0,0.0,0.0,0.0,0.0,0.0,0
2603000011093,0.0,0.0,0.0,0.0,0.0,0.0,0.56,0.08,0.56,8.0,8.0,7.0,8.0,14.62,0.0,0.0,0.0,0.0,0.0,0.0,3957.0,0
2603000011106,0.0,0.0,0.0,0.0,0.0,0.0,1.06,0.151429,1.06,15.0,17.0,8.0,28.0,9.74,0.0,0.0,0.0,0.0,0.0,0.0,1243.0,0
2603000011110,0.283784,0.054054,0.0,0.0,0.351351,0.121622,1.8,0.522162,1.8,14.0,20.0,6.0,50.0,7.28,0.0,0.0,0.0,0.0,0.0,0.0,0.0,0
2603000011125,0.0066555,0.0,0.0,0.0,0.0,0.0,1.07,0.2675,1.07,130.0,143.0,82.0,223.0,10.46,0.0,0.0,0.0,0.0,0.0,0.0,1264.0,0
260300001113A,0.0066555,0.0,0.0,0.0,0.014925,0.0,0.85,0.85,0.85,223.0,0.0,159.0,3.0,10.0,0.0,0.0,0.0,0.0,0.0,0.0,1455.0,0
2603000011144,0.0,0.0,0.0,0.003282,0.0,0.0,1.02,0.170547,1.02,632.0,552.0,336.0,891.0,10.69,0.0,0.0,0.0,0.0,0.0,0.0,1308.0,0
2603000011159,0.0,0.0,0.0,0.0,0.0,0.0,0.59,0.084286,0.59,135.0,137.0,121.0,142.0,15.57,0.0,0.0,0.0,0.0,0.0,0.0,4160.0,0
2603000011163,0.0066555,0.0,0.0,0.0,0.014925,0.0,0.0,0.0,0.0,0.0,0.0,0.0,0.0,0.0,0.0,0.0,0.0,0.0,0.0,0.0,0.0,0
2603000011178,0.0066555,0.0,0.0,0.0,0.014925,0.0,0.0,0.0,0.0,0.0,0.0,0.0,0.0,0.0,0.0,0.0,0.0,0.0,0.0,0.0,0.0,0
2603000011197,0.0,0.0,0.0,0.0,0.0,0.0,1.11,0.158571,1.11,46.0,45.0,25.0,81.0,10.42,0.0,0.0,0.0,0.0,0.0,0.0,1352.0,0
260300001120A,0.0066555,0.0,0.0,0.0,0.0,0.0,0.64,0.106667,0.64,540.0,537.0,506.0,542.0,15.92,0.0,0.0,1.0,0.0,0.0,0.0,5080.0,1
2603000011214,0.0066555,0.0,0.0,0.0,0.014925,0.0,0.0,0.0,0.0,0.0,0.0,0.0,0.0,0.0,0.0,0.0,0.0,0.0,0.0,0.0,0.0,0
2603000011233,0.0066555,0.0,0.0,0.0,0.014925,0.0,0.86,0.158587,0.86,223.0,218.0,159.0,309.0,10.53,0.0,0.0,0.0,0.0,0.0,0.0,1871.0,0
2603000011248,0.0066555,0.0,0.0,0.0,0.014925,0.0,0.0,0.0,0.0,0.0,0.0,0.0,0.0,0.0,0.0,0.0,0.0,0.0,0.0,0.0,0.0,0
2603000011267,0.0066555,0.0,0.0,0.0,0.014925,0.0,0.0,0.0,0.0,0.0,0.0,0.0,0.0,0.0,0.0,0.0,0.0,0.0,0.0,0.0,0.0,0
2603000011271,0.0066555,0.0,0.0,0.0,0.014925,0.0,0.86,0.158587,0.86,223.0,218.0,159.0,309.0,10.53,0.0,0.0,0.0,0.0,0.0,0.0,0.0,0
2603000011286,0.0,0.0,0.0,0.0,0.0,0.0,1.09,0.155714,1.09,51.0,57.0,29.0,78.0,10.55,0.0,0.0,0.0,0.0,0.0,0.0,1243.0,0
2603000011290,0.125,0.0,0.0,0.0,0.014925,0.09375,1.22,0.359688,1.22,22.0,31.0,13.0,53.0,9.95,0.0,0.0,0.0,0.0,0.0,0.0,1493.0,0
2603000011303,0.0066555,0.0,0.0,0.0,0.0,0.0,1.04,0.26,1.04,448.0,382.0,308.0,687.0,11.03,0.0,0.0,0.0,0.0,0.0,0.0,1379.0,1
2603000011318,0.0066555,0.0,0.0,0.0,0.0,0.0,0.58,0.096667,0.58,222.0,218.0,213.0,223.0,16.09,0.0,0.0,0.0,0.0,0.0,0.0,4160.0,1
2603000011322,0.0066555,0.0,0.0,0.0,0.014925,0.0,0.86,0.158587,0.86,223.0,218.0,159.0,309.0,10.53,0.0,0.0,0.0,0.0,0.0,0.0,3957.0,0
2603000011360,0.0,0.0,0.0,0.0,0.0,0.0,0.55,0.078571,0.55,6.0,7.0,6.0,7.0,15.89,0.0,0.0,0.0,0.0,0.0,0.0,0.0,0
2603000011375,0.0066555,0.0,0.0,0.0,0.014925,0.0,0.86,0.158587,0.86,223.0,218.0,159.0,309.0,10.53,0.0,0.0,0.0,0.0,0.0,0.0,0.0,0
2603000011394,0.0066555,0.0,0.0,0.0,0.0,0.0,1.15,0.383333,1.15,263.0,254.0,141.0,400.0,11.36,0.0,0.0,0.0,0.0,0.0,0.0,1335.0,0
2603000011407,0.0,0.0,0.0,0.0,0.0,0.0,0.95,0.135714,0.95,56.0,56.0,38.0,95.0,10.59,0.0,0.0,0.0,0.0,0.0,0.0,1243.0,0
2603000011411,0.0,0.0,0.0,0.0,0.0,0.0,1.04,0.148571,1.04,146.0,153.0,82.0,240.0,10.71,0.0,0.0,0.0,0.0,0.0,0.0,0.0,1
2603000011426,0.0066555,0.0,0.0,0.0,0.0,0.0,0.59,0.098333,0.59,300.0,324.0,280.0,328.0,15.29,0.0,0.0,0.0,0.0,0.0,0.0,6415.0,1
2603000011430,0.0066555,0.0,0.0,0.0,0.0,0.0,0.99,0.198,0.99,213.0,313.0,168.0,576.0,10.15,0.0,0.0,0.0,0.0,0.0,0.0,1412.0,1
2603000011445,0.008621,0.0,0.0,0.0,0.0,0.0,0.72,0.104089,0.72,558.0,574.0,459.0,633.0,13.66,0.0,1.0,0.0,0.0,0.0,0.0,1871.0,1
260300001145A,0.0066555,0.0,0.0,0.0,0.0,0.0,0.81,0.135,0.81,391.0,404.0,332.0,452.0,13.48,0.0,0.0,0.0,0.0,0.0,0.0,3155.0,1
2603000011464,0.0066555,0.0,0.0,0.0,0.0,0.0,0.68,0.113333,0.68,94.0,97.0,76.0,102.0,14.24,0.0,0.0,0.0,0.0,0.0,0.0,1630.0,1
2603000011479,0.0,0.0,0.0,0.0,0.0,0.0,0.58,0.082857,0.58,19.0,23.0,21.0,24.0,15.96,0.0,0.0,0.0,0.0,0.0,0.0,0.0,1
2603000011498,0.0066555,0.0,0.0,0.0,0.014925,0.0,0.81,0.81,0.81,3.0,3.0,159.0,5.0,8.73,0.0,0.0,0.0,0.0,0.0,0.0,5744.0,0
2603000011500,0.0066555,0.0,0.0,0.0,0.014925,0.0,1.34,1.34,1.34,7.0,10.0,6.0,15.0,9.85,0.0,0.0,0.0,0.0,0.0,0.0,0.0,0
2603000011515,0.0066555,0.0,0.0,0.0,0.014925,0.0,1.54,1.54,1.54,223.0,3.0,159.0,5.0,8.53,0.0,0.0,0.0,0.0,0.0,0.0,1281.0,0
260300001152A,0.0066555,0.0,0.0,0.0,0.014925,0.0,0.47,0.47,0.47,3.0,3.0,159.0,3.0,15.5,0.0,0.0,0.0,0.0,0.0,0.0,0.0,0
2603000011534,0.0066555,0.0,0.0,0.0,0.014925,0.0,0.0,0.0,0.0,0.0,0.0,0.0,0.0,0.0,0.0,0.0,2.0,0.0,0.0,0.0,1254.0,0
2603000011746,0.005827,0.0,0.002913,0.0,0.032047,0.0,0.67,0.118465,0.67,1039.0,937.0,808.0,1422.0,11.26,4.0,4.0,0.0,0.0,0.0,0.0,2134.0,0
2603000011750,0.003584,0.0,0.003584,0.004779,0.043011,0.0,0.66,0.11916,0.66,702.0,670.0,560.0,899.0,12.27,1.0,0.0,0.0,0.0,0.0,0.0,2414.0,0
260300001177A,0.0066555,0.0,0.0,0.0,0.023548,0.0,0.64,0.165887,0.64,543.0,522.0,436.0,685.0,12.06,1.0,0.0,0.0,0.0,0.0,0.0,1967.0,0
2603000011799,0.004304,0.0,0.007174,0.0,0.02439,0.0,0.68,0.143174,0.68,516.0,523.0,413.0,723.0,11.16,0.0,3.0,0.0,0.0,0.0,0.0,2262.0,0
2603000011835,0.007246,0.0,0.003623,0.0,0.009662,0.0,0.61,0.105088,0.61,704.0,637.0,573.0,881.0,12.19,2.0,3.0,2.0,0.0,0.0,0.0,1967.0,0
260300001184A,0.0066555,0.0,0.0,0.0,0.052632,0.0,0.61,0.132526,0.61,677.0,650.0,541.0,860.0,12.42,0.0,0.0,1.0,0.0,0.0,0.0,3303.0,0
2603000011854,0.0,0.0,0.0,0.0,0.022133,0.0,0.51,0.076019,0.51,513.0,486.0,427.0,576.0,13.42,6.0,3.0,1.0,0.0,0.0,0.0,6637.0,0
2603000011869,0.011696,0.0,0.0,0.004386,0.032164,0.0,0.59,0.106374,0.59,634.0,524.0,523.0,765.0,12.4,1.0,4.0,0.0,0.0,0.0,0.0,3303.0,0
2603000011873,0.0066555,0.0,0.0,0.0,0.020588,0.0,0.51,0.088431,0.51,712.0,698.0,636.0,785.0,14.21,7.0,6.0,2.0,0.0,0.0,0.0,4402.0,0
2603000011888,0.0,0.0,0.0,0.0,0.011429,0.0,0.51,0.086905,0.51,547.0,517.0,469.0,597.0,14.21,2.0,6.0,0.0,0.0,0.0,0.0,7042.0,0
2603000011905,0.010526,0.0,0.005263,0.005263,0.036842,0.0,0.64,0.099699,0.64,455.0,416.0,342.0,623.0,11.5,0.0,1.0,0.0,0.0,0.0,0.0,4306.0,0
260300001191A,0.0,0.0,0.0,0.0,0.01002,0.0,0.64,0.108337,0.64,391.0,386.0,305.0,555.0,11.81,3.0,2.0,0.0,0.0,0.0,0.0,4306.0,0
2603000011924,0.0066555,0.0,0.0,0.0,0.019841,0.0,0.6,0.103307,0.6,444.0,408.0,351.0,544.0,12.41,3.0,0.0,2.0,0.0,0.0,0.0,2971.0,0
2603000011939,0.005952,0.0,0.0,0.0,0.055556,0.0,0.58,0.091644,0.58,467.0,413.0,386.0,550.0,13.18,0.0,1.0,1.0,0.0,0.0,0.0,3303.0,0
2603000011943,0.0,0.0,0.0,0.007212,0.016827,0.0,0.55,0.114808,0.55,428.0,371.0,356.0,501.0,13.14,6.0,0.0,4.0,0.0,0.0,0.0,3303.0,1
2603000011958,0.0066555,0.0,0.0,0.0,0.010909,0.0,0.46,0.078485,0.46,316.0,309.0,302.0,338.0,14.32,9.0,7.0,4.0,0.0,0.0,0.0,7042.0,0
2603000011996,0.0,0.0,0.0,0.0,0.022321,0.0,0.57,0.084617,0.57,230.0,195.0,186.0,267.0,12.5,9.0,3.0,0.0,0.0,0.0,0.0,4306.0,1
2603000012000,0.0066555,0.0,0.0,0.009646,0.093248,0.0,0.61,0.118816,0.61,322.0,265.0,267.0,386.0,12.95,0.0,5.0,1.0,0.0,0.0,0.0,2971.0,1
2603000012015,0.0,0.0,0.0,0.0,0.015385,0.0,0.54,0.079341,0.54,309.0,285.0,261.0,360.0,12.71,10.0,16.0,4.0,0.0,0.0,0.0,7428.0,1
260300001202A,0.006897,0.004138,0.005517,0.005517,0.012414,0.0,0.61,0.092069,0.61,803.0,716.0,689.0,993.0,12.64,8.0,8.0,5.0,0.0,0.0,0.0,11723.0,0
2603000012049,0.012433,0.0,0.0,0.0,0.021314,0.0,0.49,0.074821,0.49,628.0,602.0,530.0,689.0,14.3,2.0,5.0,4.0,0.0,0.0,0.0,4306.0,0
2603000012068,0.008646,0.0,0.0,0.0,0.072046,0.0,0.57,0.092956,0.57,369.0,302.0,314.0,449.0,13.09,4.0,4.0,1.0,0.0,0.0,0.0,2971.0,1
2603000012072,0.007059,0.0,0.0,0.0,0.016471,0.0,0.5,0.07479,0.5,491.0,476.0,431.0,517.0,14.88,12.0,14.0,1.0,0.0,0.0,0.0,4873.0,0
2603000012087,0.0,0.0,0.0,0.0,0.066176,0.0,0.6,0.111029,0.6,244.0,197.0,193.0,318.0,12.65,2.0,2.0,1.0,0.0,0.0,0.0,2971.0,1
2603000012091,0.0,0.0,0.0,0.0,0.028169,0.0,0.64,0.133634,0.64,141.0,122.0,112.0,199.0,11.68,12.0,6.0,2.0,0.0,0.0,0.0,3428.0,1
2603000012195,0.016967,0.015907,0.012725,0.014846,0.054083,0.0,0.73,0.140755,0.73,586.0,531.0,362.0,916.0,9.88,0.0,2.0,0.0,0.0,0.0,0.0,1635.0,0
2603000012208,0.0,0.0,0.0,0.0,0.028862,0.0,0.67,0.116477,0.67,423.0,381.0,333.0,592.0,10.93,3.0,1.0,0.0,0.0,0.0,0.0,1831.0,0
2603000012246,0.01248,0.00078,0.0026,0.00286,0.022621,0.00832,1.01,0.15138,1.01,2660.0,2599.0,1831.0,3887.0,10.44,2.0,3.0,0.0,0.0,0.0,0.0,2294.0,0
2603000012250,0.030084,0.009025,0.00722,0.00722,0.072202,0.008424,1.09,0.174882,1.09,949.0,1047.0,671.0,1629.0,9.93,1.0,2.0,0.0,0.0,0.0,0.0,2294.0,0
2603000012265,0.021818,0.0,0.006061,0.006061,0.029091,0.0,0.92,0.140433,0.92,520.0,506.0,323.0,817.0,9.78,2.0,3.0,0.0,0.0,0.0,0.0,1439.0,0
2603000012299,0.01487,0.0,0.0,0.0,0.040892,0.0,0.9,0.23894,0.9,519.0,540.0,384.0,798.0,10.26,0.0,3.0,0.0,0.0,0.0,0.0,1222.0,0
2603000012335,0.0044,0.0,0.0,0.0,0.00495,0.0,0.72,0.14587,0.72,1490.0,1348.0,1054.0,1858.0,11.39,3.0,1.0,0.0,0.0,0.0,0.0,1728.0,0
260300001234A,0.012706,0.003812,0.008895,0.005083,0.017789,0.0,0.84,0.148048,0.84,522.0,514.0,375.0,795.0,10.21,0.0,1.0,0.0,0.0,0.0,0.0,1728.0,0
2603000012354,0.010373,0.0,0.005187,0.0,0.025934,0.0,0.81,0.141916,0.81,668.0,662.0,470.0,968.0,10.42,0.0,3.0,0.0,0.0,0.0,0.0,1581.0,0
2603000012373,0.01986,0.0,0.0,0.005841,0.010514,0.0,0.8,0.167243,0.8,666.0,661.0,519.0,877.0,11.44,0.0,1.0,0.0,0.0,0.0,0.0,1574.0,0
2603000012388,0.005,0.0,0.003333,0.003333,0.025,0.004167,0.92,0.137262,0.92,850.0,849.0,649.0,1209.0,10.86,3.0,2.0,0.0,0.0,0.0,0.0,2191.0,0
2603000012405,0.0,0.0,0.0,0.0,0.00295,0.0,0.71,0.118825,0.71,898.0,872.0,661.0,1054.0,12.19,0.0,2.0,0.0,0.0,0.0,0.0,1574.0,0
2603000012443,0.0066555,0.0,0.0,0.0,0.014925,0.0,0.55,0.11,0.55,1131.0,1111.0,1014.0,1195.0,14.67,0.0,4.0,1.0,0.0,0.0,0.0,4382.0,0
2603000012458,0.0066555,0.0,0.0,0.0,0.00979,0.0,0.57,0.096632,0.57,729.0,727.0,679.0,756.0,14.75,17.0,13.0,1.0,0.0,0.0,0.0,4945.0,0
2603000012462,0.0,0.0,0.0,0.0,0.0,0.0,0.82,0.117143,0.82,135.0,116.0,152.0,176.0,11.9,17.0,5.0,0.0,0.0,0.0,0.0,5045.0,1
2603000012477,0.03871,0.019355,0.0,0.0,0.054839,0.017742,0.7,0.166129,0.7,676.0,632.0,549.0,789.0,12.43,0.0,3.0,2.0,0.0,0.0,0.0,8191.0,0
2603000012481,0.031088,0.0,0.0,0.0,0.051813,0.031088,0.91,0.204798,0.91,118.0,150.0,81.0,212.0,9.21,1.0,0.0,1.0,0.0,0.0,0.0,9238.0,0
2603000012509,0.016345,0.0,0.004458,0.0,0.019316,0.0,0.78,0.164024,0.78,507.0,473.0,353.0,692.0,10.72,0.0,1.0,0.0,0.0,0.0,0.0,1293.0,0
2603000012513,0.015267,0.01145,0.01145,0.0,0.038168,0.0,0.73,0.134389,0.73,228.0,213.0,192.0,282.0,12.16,1.0,2.0,0.0,0.0,0.0,0.0,1940.0,0
2603000012528,0.006948,0.0,0.002316,0.0,0.011002,0.0,0.87,0.178053,0.87,1444.0,1372.0,1178.0,1775.0,11.97,0.0,1.0,0.0,0.0,0.0,0.0,1586.0,0
2603000012532,0.02139,0.005348,0.009358,0.004011,0.014706,0.0,0.81,0.144136,0.81,512.0,487.0,337.0,759.0,10.23,0.0,2.0,0.0,0.0,0.0,0.0,1293.0,0
2603000012547,0.008584,0.0,0.0,0.0,0.061516,0.0,0.8,0.17402,0.8,510.0,500.0,414.0,700.0,11.31,3.0,2.0,1.0,0.0,0.0,0.0,1406.0,0
2603000012551,0.009818,0.0,0.004208,0.0,0.033661,0.0,0.71,0.108241,0.71,608.0,584.0,495.0,732.0,12.38,0.0,0.0,0.0,0.0,0.0,0.0,1864.0,0
2603000012566,0.0066555,0.0,0.0,0.0,0.014925,0.0,0.86,0.158587,0.86,223.0,218.0,159.0,309.0,10.53,5.0,2.0,0.0,0.0,0.0,0.0,0.0,0
2603000012570,0.0,0.0,0.0,0.0,0.0,0.0,1.14,0.162857,1.14,223.0,218.0,0.0,309.0,5.78,8.0,2.0,0.0,0.0,0.0,0.0,1553.0,0
2603000012585,0.003224,0.0,0.003868,0.0,0.004513,0.0,0.74,0.187901,0.74,1380.0,1335.0,1157.0,1597.0,12.89,5.0,0.0,0.0,0.0,0.0,0.0,2091.0,0
2603000012602,0.0066555,0.0,0.0,0.0,0.135135,0.0,0.8,0.311712,0.8,23.0,17.0,14.0,36.0,11.46,25.0,10.0,0.0,0.0,0.0,0.0,1749.0,0
2603000012617,0.013699,0.004795,0.0,0.0,0.018493,0.00274,0.69,0.145945,0.69,1495.0,1502.0,1302.0,1710.0,13.42,2.0,7.0,0.0,0.0,0.0,0.0,5330.0,0
2603000012621,0.01037,0.0,0.0,0.0,0.002469,0.0,0.64,0.093263,0.64,2215.0,2228.0,2095.0,2341.0,14.64,0.0,1.0,0.0,0.0,0.0,0.0,5085.0,0
2603000012636,0.014141,0.0,0.0,0.0,0.014925,0.0,0.63,0.128828,0.63,512.0,517.0,476.0,561.0,14.12,2.0,4.0,2.0,0.0,0.0,0.0,5134.0,1
2603000012640,0.0066555,0.0,0.0,0.0,0.014925,0.0,0.57,0.114,0.57,904.0,902.0,848.0,934.0,14.59,4.0,6.0,5.0,0.0,0.0,0.0,10655.0,0
2603000012655,0.0066555,0.0,0.0,0.0,0.014925,0.0,0.53,0.106,0.53,590.0,578.0,552.0,614.0,15.25,6.0,6.0,7.0,0.0,0.0,0.0,12148.0,0
2603000012706,0.007586,0.002069,0.004138,0.004828,0.012414,0.0,0.77,0.114434,0.77,1233.0,1113.0,948.0,1592.0,11.31,6.0,2.0,0.0,0.0,0.0,0.0,7325.0,0
2603000012710,0.002244,0.0,0.0,0.0,0.004488,0.0,0.67,0.169183,0.67,2296.0,2251.0,2142.0,2425.0,14.31,13.0,7.0,1.0,0.0,0.0,0.0,7325.0,0
260300001273A,0.037129,0.024752,0.007426,0.017327,0.05198,0.009901,0.88,0.146931,0.88,201.0,216.0,108.0,387.0,9.2,1.0,2.0,0.0,0.0,0.0,0.0,7325.0,0
2603000012744,0.0,0.0,0.0,0.0,0.25,0.0,1.21,0.243333,1.21,5.0,8.0,159.0,9.0,7.06,20.0,7.0,0.0,0.0,0.0,0.0,1049.0,1
2603000012763,0.0066555,0.0,0.0,0.0,0.014925,0.0,0.79,0.158,0.79,1992.0,2002.0,1869.0,2127.0,14.23,4.0,2.0,0.0,0.0,0.0,0.0,2126.0,0
2603000012778,0.025019,0.007582,0.011372,0.010614,0.037908,0.009856,0.85,0.13605,0.85,796.0,816.0,484.0,1285.0,9.84,1.0,2.0,0.0,0.0,0.0,0.0,1079.0,0
260300001280A,0.0066555,0.0,0.0,0.0,0.014925,0.0,0.86,0.158587,0.86,223.0,218.0,159.0,309.0,10.53,0.0,0.0,0.0,0.0,0.0,0.0,1711.0,0
2603000012852,0.0066555,0.0,0.0,0.0,0.014925,0.0,0.86,0.158587,0.86,223.0,218.0,159.0,309.0,10.53,13.0,2.0,2.0,0.0,0.0,0.0,1439.0,0
2603000012886,0.004129,0.0,0.0,0.0,0.009909,0.0,0.69,0.11734,0.69,1024.0,955.0,812.0,1210.0,12.55,4.0,2.0,0.0,0.0,0.0,0.0,1850.0,0
2603000012890,0.004444,0.0,0.0,0.0,0.011111,0.0,0.64,0.163889,0.64,721.0,664.0,567.0,929.0,11.48,1.0,2.0,0.0,0.0,0.0,0.0,2134.0,0
2603000012903,0.004376,0.0,0.003282,0.0,0.022976,0.0,0.72,0.125106,0.72,714.0,684.0,554.0,943.0,11.4,4.0,0.0,0.0,0.0,0.0,0.0,1706.0,0
2603000012918,0.010279,0.0,0.0,0.0,0.023495,0.0,0.72,0.251258,0.72,513.0,486.0,393.0,718.0,10.95,1.0,1.0,0.0,0.0,0.0,0.0,2134.0,0
2603000012922,0.0,0.0,0.0,0.0,0.011494,0.0,0.58,0.084499,0.58,389.0,376.0,312.0,457.0,12.71,0.0,3.0,0.0,0.0,0.0,0.0,2134.0,0
2603000012937,0.0066555,0.0,0.0,0.0,0.021142,0.0,0.47,0.081857,0.47,512.0,524.0,467.0,563.0,14.03,1.0,2.0,2.0,0.0,0.0,0.0,5601.0,0
2603000012941,0.0,0.0,0.0,0.0,0.005917,0.0,0.46,0.06656,0.46,516.0,512.0,466.0,537.0,14.81,18.0,6.0,1.0,0.0,0.0,0.0,5601.0,0
2603000012956,0.0066555,0.0,0.0,0.0,0.010856,0.0,0.55,0.186952,0.55,752.0,691.0,636.0,844.0,13.26,19.0,3.0,0.0,0.0,0.0,0.0,5412.0,0
2603000012960,0.0,0.0,0.0,0.0,0.008929,0.0,0.49,0.071276,0.49,449.0,427.0,391.0,488.0,14.26,0.0,1.0,4.0,0.0,0.0,0.0,5412.0,0
2603000012975,0.0066555,0.0,0.0,0.0,0.006938,0.0,0.57,0.144234,0.57,807.0,678.0,626.0,1029.0,11.87,0.0,1.0,1.0,0.0,0.0,0.0,3352.0,0
260300001298A,0.0,0.0,0.0,0.0,0.031553,0.0,0.48,0.073079,0.48,428.0,420.0,388.0,448.0,15.11,3.0,2.0,1.0,0.0,0.0,0.0,4873.0,0
2603000012994,0.008518,0.0,0.0,0.0,0.020443,0.0,0.63,0.094137,0.63,460.0,422.0,344.0,607.0,11.47,2.0,1.0,0.0,0.0,0.0,0.0,7325.0,0
2603000013009,0.0066555,0.0,0.0,0.0,0.0,0.0,0.48,0.08,0.48,248.0,240.0,210.0,256.0,14.72,1.0,0.0,0.0,0.0,0.0,0.0,7042.0,0
2603000013013,0.0,0.0,0.0,0.0,0.023364,0.0,0.51,0.076195,0.51,241.0,244.0,223.0,248.0,14.43,2.0,0.0,0.0,0.0,0.0,0.0,12105.0,0
2603000013028,0.0,0.0,0.0,0.0,0.0,0.0,0.47,0.067143,0.47,119.0,111.0,102.0,122.0,15.08,0.0,2.0,1.0,0.0,0.0,0.0,15139.0,0
2603000013032,0.0066555,0.0,0.0,0.0,0.014925,0.0,0.47,0.094,0.47,237.0,207.0,214.0,254.0,14.53,4.0,21.0,6.0,0.0,0.0,0.0,4873.0,0
2603000013047,0.0066555,0.0,0.0,0.0,0.018987,0.0,0.56,0.144747,0.56,312.0,274.0,260.0,380.0,12.75,7.0,7.0,2.0,0.0,0.0,0.0,7325.0,0
2603000013051,0.0066555,0.0,0.0,0.0,0.011841,0.0,0.65,0.110307,0.65,772.0,652.0,603.0,960.0,12.34,27.0,9.0,4.0,0.0,0.0,0.0,13593.0,0
2603000013066,0.0066555,0.0,0.00531,0.00531,0.031858,0.0,0.65,0.138496,0.65,449.0,411.0,345.0,572.0,11.81,5.0,3.0,0.0,0.0,0.0,0.0,7325.0,0
2603000013070,0.0066555,0.0,0.0,0.004451,0.008902,0.0,0.65,0.132671,0.65,505.0,505.0,399.0,684.0,11.45,0.0,0.0,0.0,0.0,0.0,0.0,1635.0,0
2603000013085,0.006631,0.0,0.0,0.0,0.019894,0.0,0.73,0.126087,0.73,498.0,517.0,364.0,753.0,10.49,3.0,1.0,0.0,0.0,0.0,0.0,1831.0,0
2603000013225,0.024316,0.016717,0.004559,0.004559,0.027356,0.009119,0.88,0.138089,0.88,437.0,440.0,326.0,644.0,10.53,3.0,1.0,0.0,0.0,0.0,0.0,4088.0,0
260300001323A,0.025714,0.0,0.0,0.008571,0.038571,0.0,0.99,0.212571,0.99,457.0,407.0,299.0,715.0,9.78,0.0,2.0,0.0,0.0,0.0,0.0,1052.0,0
2603000013244,0.020717,0.0,0.003187,0.003187,0.027888,0.0,0.88,0.186996,0.88,920.0,916.0,711.0,1276.0,11.03,0.0,3.0,1.0,0.0,0.0,0.0,1308.0,0
2603000013259,0.027885,0.002885,0.003846,0.003846,0.069231,0.015385,1.05,0.167583,1.05,648.0,578.0,455.0,1012.0,10.08,0.0,2.0,0.0,0.0,0.0,0.0,1367.0,0
2603000013263,0.010547,0.002876,0.003835,0.003835,0.033557,0.0,0.85,0.150775,0.85,741.0,744.0,542.0,1072.0,10.2,3.0,0.0,0.0,0.0,0.0,0.0,1366.0,0
2603000013278,0.005968,0.0,0.0,0.0,0.021313,0.0,0.77,0.159456,0.77,1003.0,940.0,805.0,1249.0,12.11,1.0,2.0,0.0,0.0,0.0,0.0,3632.0,0
2603000013282,0.025743,0.0,0.0,0.005941,0.019802,0.007921,0.78,0.139901,0.78,317.0,282.0,182.0,501.0,9.99,1.0,4.0,1.0,0.0,0.0,0.0,7042.0,0
2603000013297,0.039157,0.013554,0.005271,0.006024,0.09488,0.010542,1.11,0.182775,1.11,689.0,683.0,441.0,1303.0,8.99,0.0,6.0,0.0,0.0,0.0,0.0,1404.0,0
260300001330A,0.039848,0.0,0.005693,0.011385,0.060721,0.01518,0.86,0.165471,0.86,394.0,335.0,265.0,641.0,9.46,0.0,0.0,0.0,0.0,0.0,0.0,1455.0,0
2603000013314,0.036474,0.010638,0.007599,0.015198,0.050152,0.021277,0.96,0.157334,0.96,340.0,329.0,215.0,714.0,8.69,0.0,0.0,0.0,0.0,0.0,0.0,1455.0,0
2603000013329,0.050302,0.040241,0.016097,0.018109,0.056338,0.012072,0.97,0.166166,0.97,223.0,245.0,149.0,469.0,8.68,0.0,0.0,0.0,0.0,0.0,0.0,1404.0,0
2603000013333,0.0066555,0.0,0.0,0.0,0.005841,0.0,0.53,0.089307,0.53,913.0,842.0,810.0,973.0,14.48,0.0,3.0,2.0,0.0,0.0,0.0,3068.0,0
2603000013348,0.004391,0.0,0.0,0.0,0.005488,0.0,0.56,0.081411,0.56,928.0,883.0,802.0,998.0,14.47,6.0,2.0,2.0,0.0,0.0,0.0,5412.0,0
2603000013352,0.0,0.0,0.0,0.0,0.09375,0.0,0.59,0.097679,0.59,40.0,28.0,25.0,44.0,12.92,16.0,9.0,1.0,0.0,0.0,0.0,4873.0,1
2603000013367,0.0,0.0,0.0,0.0,0.024291,0.0,0.54,0.141073,0.54,267.0,261.0,233.0,313.0,13.84,5.0,8.0,3.0,0.0,0.0,0.0,2948.0,1
2603000013371,0.04329,0.006494,0.028139,0.017316,0.032468,0.008658,0.78,0.130909,0.78,346.0,273.0,248.0,570.0,9.97,8.0,13.0,2.0,0.0,0.0,0.0,7325.0,0
2603000013386,0.017341,0.0,0.0,0.0,0.019268,0.0,0.66,0.139322,0.66,451.0,437.0,372.0,581.0,12.33,0.0,3.0,0.0,0.0,0.0,0.0,7325.0,0
2603000013390,0.006548,0.0,0.0,0.0,0.028999,0.0,0.9,0.311849,0.9,806.0,773.0,528.0,1084.0,10.88,0.0,1.0,0.0,0.0,0.0,0.0,4115.0,0
2603000013418,0.0066555,0.0,0.0,0.0,0.007947,0.0,0.62,0.209316,0.62,646.0,594.0,529.0,763.0,12.55,0.0,2.0,0.0,0.0,0.0,0.0,1919.0,0
2603000013422,0.0066555,0.0,0.0,0.0,0.028812,0.0,0.75,0.194703,0.75,584.0,558.0,390.0,822.0,10.26,3.0,3.0,0.0,0.0,0.0,0.0,1134.0,0
2603000013437,0.004975,0.0,0.0,0.003731,0.014925,0.0,0.75,0.154726,0.75,541.0,521.0,375.0,797.0,9.91,3.0,2.0,0.0,0.0,0.0,0.0,924.0,0
2603000013441,0.0066555,0.0,0.0,0.0,0.024345,0.0,0.74,0.152869,0.74,380.0,359.0,287.0,528.0,10.27,5.0,2.0,0.0,0.0,0.0,0.0,1346.0,0
2603000013456,0.024671,0.011513,0.0,0.0,0.036184,0.014803,0.8,0.177434,0.8,372.0,393.0,275.0,601.0,9.81,0.0,1.0,0.0,0.0,0.0,0.0,992.0,0
2603000013460,0.0,0.0,0.003597,0.003597,0.014925,0.0,0.7,0.141439,0.7,889.0,812.0,596.0,1111.0,11.35,0.0,2.0,0.0,0.0,0.0,0.0,1243.0,0
260300001483A,0.0066555,0.0,0.00625,0.002679,0.003571,0.0,0.78,0.198125,0.78,784.0,630.0,548.0,1149.0,10.47,0.0,0.0,0.0,0.0,0.0,0.0,1243.0,0
2603000014844,0.024957,0.0,0.003442,0.003442,0.039587,0.0,0.99,0.212286,0.99,781.0,736.0,510.0,1161.0,9.92,0.0,2.0,0.0,0.0,0.0,0.0,4088.0,0
2603000014859,0.0066555,0.0,0.0,0.0,0.005291,0.0,0.54,0.090882,0.54,679.0,670.0,654.0,687.0,14.98,4.0,3.0,0.0,0.0,0.0,0.0,6698.0,0
2603000014863,0.017536,0.007014,0.001754,0.003946,0.028058,0.011837,0.74,0.115735,0.74,1973.0,1968.0,1745.0,2396.0,13.07,6.0,9.0,0.0,0.0,0.0,0.0,3859.0,0
2603000014878,0.0,0.0,0.0,0.0,0.0,0.0,0.63,0.09,0.63,59.0,56.0,50.0,59.0,14.42,0.0,0.0,0.0,0.0,0.0,0.0,5739.0,1
260300001490A,0.043891,0.011862,0.003559,0.00949,0.083037,0.007117,1.13,0.184137,1.13,585.0,493.0,308.0,811.0,9.41,0.0,0.0,0.0,0.0,0.0,0.0,1401.0,0
2603000014914,0.033505,0.0,0.0,0.0,0.048969,0.0,1.15,0.410825,1.15,275.0,229.0,170.0,383.0,10.09,0.0,0.0,0.0,0.0,0.0,0.0,1602.0,0
2603000014929,0.013267,0.0,0.0,0.0,0.006633,0.0,0.89,0.18198,0.89,480.0,440.0,369.0,621.0,11.54,3.0,1.0,0.0,0.0,0.0,0.0,1560.0,0
2603000014933,0.011532,0.0,0.0,0.0,0.016474,0.0,0.63,0.109668,0.63,669.0,662.0,636.0,702.0,14.28,1.0,3.0,0.0,0.0,0.0,0.0,8611.0,0
2603000014948,0.00411,0.0,0.0,0.0,0.014925,0.0,0.73,0.122352,0.73,651.0,597.0,532.0,761.0,12.15,0.0,4.0,0.0,0.0,0.0,0.0,1243.0,0
2603000014952,0.006803,0.0,0.0,0.0,0.014925,0.0,0.87,0.219201,0.87,469.0,444.0,365.0,620.0,11.34,0.0,0.0,0.0,0.0,0.0,0.0,1243.0,0
2603000014967,0.0,0.0,0.003475,0.0,0.014925,0.0,0.73,0.146695,0.73,838.0,529.0,390.0,1137.0,10.35,4.0,2.0,0.0,0.0,0.0,0.0,1243.0,0
2603000014971,0.009539,0.0,0.0,0.0,0.014925,0.0,0.73,0.147908,0.73,497.0,305.0,277.0,616.0,10.28,1.0,1.0,0.0,0.0,0.0,0.0,1243.0,0
2603000014986,0.0066555,0.0,0.0,0.0,0.014925,0.0,0.77,0.256667,0.77,502.0,470.0,407.0,569.0,12.62,1.0,0.0,0.0,0.0,0.0,0.0,1673.0,0
2603000014990,0.0066555,0.0,0.0,0.0,0.003448,0.0,0.81,0.135575,0.81,741.0,711.0,613.0,891.0,12.25,0.0,1.0,0.0,0.0,0.0,0.0,1458.0,0
2603000015005,0.0066555,0.0,0.0,0.0,0.014925,0.0,0.86,0.158587,0.86,223.0,218.0,159.0,309.0,10.53,0.0,0.0,0.0,0.0,0.0,0.0,1049.0,0
2603000015039,0.010055,0.002742,0.003656,0.006399,0.045704,0.0,0.83,0.128365,0.83,821.0,832.0,666.0,1124.0,11.57,0.0,1.0,0.0,0.0,0.0,0.0,5060.0,0
2603000015043,0.0,0.0,0.0,0.0,0.014925,0.0,0.56,0.093333,0.56,819.0,795.0,754.0,860.0,14.67,3.0,3.0,0.0,0.0,0.0,0.0,5178.0,0
2603000015058,0.02099,0.0,0.004498,0.0,0.016492,0.0,0.95,0.247995,0.95,495.0,484.0,376.0,680.0,10.82,5.0,0.0,0.0,0.0,0.0,0.0,3859.0,0
2603000015062,0.025682,0.0,0.011236,0.0,0.041734,0.0,0.92,0.166442,0.92,455.0,467.0,336.0,671.0,10.24,0.0,1.0,0.0,0.0,0.0,0.0,1222.0,0
2603000015077,0.0066555,0.0,0.0,0.0,0.014815,0.0,0.62,0.126963,0.62,331.0,297.0,261.0,423.0,11.13,1.0,2.0,0.0,0.0,0.0,0.0,2262.0,0
2603000015081,0.0,0.0,0.0,0.0,0.028409,0.0,0.62,0.09263,0.62,286.0,268.0,232.0,392.0,11.03,0.0,3.0,0.0,0.0,0.0,0.0,2262.0,0
2603000015096,0.0066555,0.0,0.0,0.0,0.014925,0.0,0.64,0.213333,0.64,459.0,446.0,354.0,633.0,11.61,0.0,0.0,0.0,0.0,0.0,0.0,2134.0,0
2603000015109,0.010526,0.0,0.0,0.0,0.008421,0.0,0.58,0.085564,0.58,397.0,366.0,298.0,517.0,11.91,0.0,5.0,0.0,0.0,0.0,0.0,1967.0,0
2603000015113,0.0,0.0,0.0,0.0,0.028967,0.0,0.6,0.089852,0.6,793.0,715.0,714.0,837.0,13.84,1.0,2.0,0.0,0.0,0.0,0.0,3632.0,0
2603000015128,0.0,0.0,0.0,0.0,0.008111,0.0,0.55,0.093018,0.55,855.0,849.0,761.0,971.0,13.95,0.0,2.0,0.0,0.0,0.0,0.0,2463.0,0
2603000015132,0.017857,0.005252,0.007353,0.007353,0.014706,0.0,0.91,0.16042,0.91,569.0,562.0,282.0,932.0,9.41,0.0,3.0,0.0,0.0,0.0,0.0,924.0,0
2603000015151,0.009524,0.0,0.0,0.0,0.010884,0.0,0.77,0.158082,0.77,571.0,533.0,430.0,739.0,11.41,1.0,3.0,0.0,0.0,0.0,0.0,1372.0,0
2603000015166,0.01129,0.0,0.0,0.0,0.032258,0.0,0.8,0.140591,0.8,425.0,424.0,306.0,603.0,10.68,5.0,1.0,0.0,0.0,0.0,0.0,1372.0,0
2603000015170,0.0,0.0,0.0,0.0,0.006494,0.0,0.67,0.112749,0.67,505.0,499.0,417.0,616.0,12.82,0.0,0.0,0.0,0.0,0.0,0.0,1458.0,0
2603000015185,0.0,0.0,0.0,0.0,0.045045,0.0,0.7,0.248348,0.7,414.0,392.0,301.0,546.0,11.48,0.0,1.0,0.0,0.0,0.0,0.0,1488.0,0
260300001519A,0.023723,0.0,0.0,0.005474,0.014925,0.0,0.76,0.157839,0.76,375.0,308.0,239.0,605.0,9.51,0.0,1.0,0.0,0.0,0.0,0.0,7325.0,0
2603000015202,0.017143,0.0,0.0,0.008571,0.017143,0.0,0.79,0.13881,0.79,266.0,269.0,218.0,412.0,10.2,1.0,1.0,0.0,0.0,0.0,0.0,7325.0,0
2603000015217,0.037707,0.010558,0.012066,0.0181,0.058824,0.015083,0.89,0.148905,0.89,445.0,352.0,291.0,837.0,8.97,4.0,1.0,0.0,0.0,0.0,0.0,2136.0,0
2603000015221,0.027422,0.014625,0.016453,0.010969,0.047532,0.023766,0.99,0.161538,0.99,288.0,356.0,186.0,531.0,9.7,0.0,1.0,0.0,0.0,0.0,0.0,1025.0,0
2603000015236,0.022047,0.009449,0.007874,0.006299,0.034646,0.007874,1.04,0.16117,1.04,343.0,376.0,214.0,623.0,9.28,3.0,1.0,0.0,0.0,0.0,0.0,1025.0,0
2603000015240,0.055556,0.0,0.0,0.0,0.104167,0.0,0.68,0.279908,0.68,183.0,124.0,137.0,254.0,11.65,8.0,12.0,0.0,0.0,0.0,0.0,4873.0,1
2603000015255,0.0066555,0.0,0.0,0.0,0.07483,0.0,0.66,0.146966,0.66,165.0,120.0,134.0,192.0,12.78,11.0,6.0,0.0,0.0,0.0,0.0,2948.0,1
260300001526A,0.006073,0.0,0.0,0.006073,0.018219,0.0,0.77,0.160073,0.77,320.0,340.0,235.0,479.0,10.28,0.0,1.0,0.0,0.0,0.0,0.0,1293.0,0
2603000015274,0.012658,0.0,0.004747,0.0,0.017405,0.004747,0.84,0.146593,0.84,457.0,465.0,350.0,625.0,10.91,0.0,1.0,0.0,0.0,0.0,0.0,1293.0,0
2603000015289,0.011574,0.0,0.0,0.0,0.023148,0.0,0.92,0.15912,0.92,303.0,287.0,215.0,427.0,10.85,0.0,1.0,0.0,0.0,0.0,0.0,1406.0,0
2603000015293,0.0066555,0.0,0.0,0.0,0.016018,0.0,0.78,0.159204,0.78,355.0,333.0,267.0,455.0,10.95,2.0,2.0,0.0,0.0,0.0,0.0,1406.0,0
2603000015306,0.0,0.0,0.0,0.0,0.014925,0.0,0.65,0.13,0.65,577.0,545.0,495.0,623.0,13.61,5.0,1.0,0.0,0.0,0.0,0.0,1961.0,0
2603000015310,0.0066555,0.0,0.0,0.0,0.009107,0.0,0.7,0.118184,0.7,478.0,442.0,358.0,557.0,12.86,0.0,1.0,0.0,0.0,0.0,0.0,1850.0,0
2603000015325,0.0066555,0.0,0.0,0.0,0.03908,0.0,0.79,0.13818,0.79,315.0,275.0,207.0,439.0,10.88,0.0,0.0,0.0,0.0,0.0,0.0,1422.0,0
260300001533A,0.016447,0.0,0.0,0.0,0.011513,0.0,0.71,0.105423,0.71,502.0,477.0,417.0,610.0,12.55,0.0,0.0,0.0,0.0,0.0,0.0,1722.0,0
2603000015344,0.019048,0.0,0.0,0.009524,0.021769,0.0,0.92,0.161724,0.92,524.0,485.0,311.0,755.0,9.8,0.0,0.0,0.0,0.0,0.0,0.0,1150.0,0
2603000015359,0.012903,0.0,0.006452,0.008065,0.008065,0.0,0.75,0.112212,0.75,471.0,461.0,317.0,630.0,10.34,0.0,2.0,0.0,0.0,0.0,0.0,1581.0,0
2603000015363,0.043137,0.014379,0.026144,0.023529,0.035294,0.006536,0.83,0.13986,0.83,484.0,353.0,289.0,839.0,9.35,0.0,2.0,0.0,0.0,0.0,0.0,2948.0,0
2603000015378,0.022293,0.004246,0.009554,0.011677,0.042463,0.005308,0.84,0.133649,0.84,579.0,444.0,398.0,1083.0,9.61,0.0,0.0,0.0,0.0,0.0,0.0,2948.0,0
2603000015382,0.027304,0.0,0.003413,0.004551,0.029579,0.0,0.95,0.202969,0.95,603.0,578.0,400.0,925.0,9.91,0.0,0.0,0.0,0.0,0.0,0.0,1281.0,0
2603000015397,0.015345,0.0,0.003836,0.006394,0.028133,0.0,0.93,0.163951,0.93,522.0,485.0,346.0,805.0,9.67,0.0,2.0,0.0,0.0,0.0,0.0,1222.0,0
260300001540A,0.017566,0.0,0.005019,0.005019,0.022585,0.0,0.89,0.156698,0.89,618.0,531.0,361.0,810.0,10.27,1.0,0.0,0.0,0.0,0.0,0.0,1466.0,0
2603000015414,0.003891,0.0,0.0,0.003891,0.014925,0.0,0.73,0.147556,0.73,830.0,726.0,573.0,1043.0,11.22,0.0,0.0,0.0,0.0,0.0,0.0,1466.0,0
2603000015429,0.0,0.0,0.0,0.0,0.058366,0.0,0.51,0.113673,0.51,232.0,181.0,197.0,280.0,12.78,1.0,4.0,1.0,0.0,0.0,0.0,2971.0,0
2603000015433,0.0066555,0.0,0.0,0.0,0.122159,0.0,0.62,0.148432,0.62,450.0,302.0,380.0,513.0,12.48,14.0,3.0,1.0,0.0,0.0,0.0,3428.0,0
2603000015448,0.0066555,0.0,0.0,0.0,0.0,0.0,0.66,0.11,0.66,486.0,468.0,407.0,520.0,14.0,1.0,0.0,0.0,0.0,0.0,0.0,1662.0,0
2603000015452,0.0066555,0.0,0.0,0.0,0.008197,0.0,0.73,0.147639,0.73,605.0,597.0,510.0,738.0,12.72,1.0,0.0,0.0,0.0,0.0,0.0,1662.0,0
2603000015467,0.0066555,0.0,0.0,0.0,0.025761,0.0,0.7,0.24192,0.7,294.0,273.0,228.0,428.0,10.77,2.0,1.0,0.0,0.0,0.0,0.0,2262.0,1
2603000015471,0.0066555,0.0,0.0,0.0,0.014925,0.0,0.73,0.243333,0.73,328.0,316.0,259.0,441.0,11.06,2.0,1.0,3.0,0.0,0.0,0.0,3390.0,0
2603000015486,0.008876,0.0,0.007396,0.007396,0.016272,0.0,0.71,0.12499,0.71,472.0,454.0,360.0,690.0,10.78,8.0,5.0,0.0,0.0,0.0,0.0,1809.0,0
2603000015490,0.003342,0.0,0.0,0.0,0.021721,0.0,0.7,0.145013,0.7,900.0,719.0,678.0,1205.0,11.92,1.0,4.0,0.0,0.0,0.0,0.0,1749.0,0
2603000015503,0.005535,0.0,0.009225,0.01107,0.01845,0.0,0.66,0.11738,0.66,391.0,373.0,276.0,594.0,10.82,2.0,3.0,0.0,0.0,0.0,0.0,2262.0,0
2603000015518,0.0066555,0.0,0.0,0.0,0.014925,0.0,0.74,0.185,0.74,113.0,107.0,83.0,157.0,10.15,2.0,1.0,1.0,0.0,0.0,0.0,2262.0,0
2603000015522,0.0066555,0.0,0.0,0.0,0.007916,0.0,0.67,0.135583,0.67,307.0,287.0,232.0,421.0,11.11,0.0,0.0,0.0,0.0,0.0,0.0,2262.0,0
2603000015537,0.0,0.0,0.0,0.0,0.033943,0.0,0.68,0.237981,0.68,311.0,290.0,231.0,415.0,11.15,0.0,1.0,0.0,0.0,0.0,0.0,2262.0,0
2603000015560,0.004132,0.0,0.0,0.0,0.0,0.0,0.81,0.116305,0.81,1485.0,1419.0,1210.0,1592.0,13.52,2.0,3.0,0.0,0.0,0.0,0.0,2856.0,0
2603000015575,0.015849,0.004528,0.005283,0.006792,0.040755,0.002264,1.05,0.160782,1.05,823.0,734.0,508.0,1306.0,9.53,0.0,2.0,0.0,0.0,0.0,0.0,4088.0,0
260300001558A,0.022453,0.0,0.01209,0.0,0.032815,0.0,1.05,0.27934,1.05,393.0,360.0,261.0,579.0,9.77,0.0,2.0,0.0,0.0,0.0,0.0,4088.0,0
2603000015594,0.019817,0.0,0.004573,0.0,0.035061,0.004573,1.05,0.185671,1.05,487.0,452.0,314.0,676.0,9.97,3.0,3.0,0.0,0.0,0.0,0.0,1401.0,0
2603000015607,0.0066555,0.0,0.0,0.0,0.005102,0.0,0.5,0.084184,0.5,546.0,512.0,460.0,604.0,13.86,0.0,2.0,1.0,0.0,0.0,0.0,2673.0,0
2603000015611,0.0066555,0.0,0.0,0.0,0.0,0.0,0.52,0.086667,0.52,409.0,395.0,348.0,435.0,14.62,2.0,2.0,0.0,0.0,0.0,0.0,4633.0,0
2603000015626,0.0066555,0.0,0.0,0.0,0.009915,0.0,0.77,0.155983,0.77,575.0,532.0,459.0,729.0,11.84,1.0,3.0,0.0,0.0,0.0,0.0,1706.0,0
2603000015630,0.014286,0.0,0.003896,0.005195,0.035065,0.003896,0.87,0.133191,0.87,600.0,601.0,432.0,800.0,11.08,0.0,1.0,0.0,0.0,0.0,0.0,1924.0,0
2603000015645,0.0066555,0.0,0.0,0.0,0.009132,0.0,0.76,0.192283,0.76,363.0,355.0,286.0,449.0,12.31,0.0,2.0,0.0,0.0,0.0,0.0,2000.0,0
260300001565A,0.004785,0.0,0.0,0.0,0.007177,0.0,0.67,0.11366,0.67,773.0,765.0,680.0,877.0,13.63,3.0,1.0,0.0,0.0,0.0,0.0,1961.0,0
2603000015664,0.0066555,0.0,0.0,0.008721,0.014925,0.0,0.91,0.183744,0.91,252.0,217.0,154.0,335.0,10.69,0.0,0.0,0.0,0.0,0.0,0.0,1139.0,0
2603000015679,0.0066555,0.0,0.0,0.0,0.0,0.0,1.0,0.166667,1.0,114.0,93.0,78.0,129.0,12.02,0.0,1.0,0.0,0.0,0.0,0.0,1900.0,0
2603000015683,0.008787,0.0,0.0,0.0,0.0,0.0,0.56,0.081255,0.56,713.0,706.0,694.0,719.0,15.02,2.0,1.0,2.0,0.0,0.0,0.0,9385.0,0
2603000015698,0.002575,0.0,0.0,0.0,0.014925,0.0,0.53,0.106515,0.53,1211.0,1202.0,1151.0,1238.0,14.71,1.0,2.0,0.0,0.0,0.0,0.0,9385.0,0
2603000015700,0.005464,0.0,0.0,0.0,0.0,0.0,0.94,0.189093,0.94,586.0,556.0,441.0,733.0,11.4,1.0,2.0,0.0,0.0,0.0,0.0,2191.0,0
2603000015715,0.02933,0.01676,0.005587,0.015363,0.069832,0.00838,1.05,0.17075,1.05,420.0,382.0,244.0,678.0,9.59,1.0,0.0,0.0,0.0,0.0,0.0,1401.0,0
260300001572A,0.024038,0.012821,0.00641,0.011218,0.059295,0.012821,1.17,0.185229,1.17,351.0,350.0,205.0,606.0,9.3,0.0,1.0,0.0,0.0,0.0,0.0,2447.0,0
2603000015734,0.053892,0.0,0.008982,0.0,0.041916,0.0,1.08,0.296198,1.08,238.0,208.0,139.0,327.0,9.98,0.0,1.0,0.0,0.0,0.0,0.0,1270.0,0
2603000015749,0.0,0.0,0.0,0.0,0.0,0.0,0.83,0.118571,0.83,342.0,337.0,287.0,408.0,12.88,0.0,0.0,0.0,0.0,0.0,0.0,2376.0,0
2603000015753,0.0,0.0,0.0,0.0,0.0,0.0,0.76,0.108571,0.76,39.0,33.0,30.0,43.0,10.87,0.0,0.0,0.0,0.0,0.0,0.0,1308.0,0
2603000015768,0.0,0.0,0.0,0.0,0.011278,0.0,0.77,0.156256,0.77,206.0,215.0,173.0,264.0,12.22,0.0,0.0,0.0,0.0,0.0,0.0,1275.0,0
2603000015772,0.017711,0.00545,0.006812,0.004087,0.054496,0.00545,1.15,0.177715,1.15,468.0,463.0,250.0,743.0,10.02,0.0,0.0,1.0,0.0,0.0,0.0,2098.0,0
2603000015823,0.018388,0.004243,0.004243,0.004243,0.046676,0.008487,1.03,0.159469,1.03,385.0,394.0,220.0,682.0,9.39,0.0,1.0,0.0,0.0,0.0,0.0,943.0,0
2603000015838,0.075843,0.061798,0.011236,0.008427,0.115169,0.050562,1.04,0.194719,1.04,190.0,242.0,115.0,347.0,9.8,0.0,0.0,0.0,0.0,0.0,0.0,910.0,0
2603000015842,0.020033,0.006678,0.008347,0.005008,0.048414,0.006678,1.02,0.159308,1.02,357.0,397.0,236.0,583.0,9.76,0.0,0.0,0.0,0.0,0.0,0.0,910.0,0
2603000015857,0.037199,0.010941,0.0,0.0,0.04814,0.021882,1.12,0.20636,1.12,259.0,277.0,172.0,452.0,9.22,0.0,0.0,0.0,0.0,0.0,0.0,894.0,0
2603000015861,0.013587,0.0,0.0,0.0,0.054348,0.008152,1.07,0.229217,1.07,244.0,279.0,167.0,379.0,10.04,0.0,1.0,0.0,0.0,0.0,0.0,0.0,0
2603000015876,0.015773,0.015773,0.0,0.0,0.039432,0.011041,1.06,0.228404,1.06,339.0,370.0,221.0,612.0,9.5,0.0,0.0,0.0,0.0,0.0,0.0,894.0,0
2603000015880,0.064103,0.0,0.0,0.0,0.089744,0.0,0.98,0.226769,0.98,63.0,70.0,42.0,96.0,9.92,0.0,0.0,0.0,0.0,0.0,0.0,0.0,1
2603000015895,0.0,0.0,0.0,0.0,0.153846,0.115385,1.07,0.223205,1.07,10.0,15.0,6.0,26.0,9.12,0.0,0.0,0.0,0.0,0.0,0.0,0.0,0
2603000015908,0.0,0.0,0.0,0.0,0.15,0.0,1.08,0.246,1.08,11.0,10.0,4.0,19.0,8.35,0.0,0.0,0.0,0.0,0.0,0.0,905.0,0
2603000015912,0.0,0.0,0.0,0.0,0.0,0.0,0.86,0.172,0.86,13.0,13.0,7.0,19.0,9.88,0.0,0.0,0.0,0.0,0.0,0.0,905.0,0
2603000015927,0.0066555,0.0,0.0,0.0,0.076923,0.0,1.19,0.211154,1.19,58.0,55.0,28.0,99.0,8.92,0.0,0.0,0.0,0.0,0.0,0.0,698.0,0
2603000015965,0.012821,0.0,0.00641,0.0,0.019231,0.0,0.86,0.128352,0.86,380.0,371.0,339.0,472.0,12.52,0.0,0.0,0.0,0.0,0.0,0.0,2164.0,0
260300001597A,0.0066555,0.0,0.003178,0.0,0.003178,0.0,0.85,0.214089,0.85,776.0,699.0,586.0,965.0,11.8,0.0,0.0,0.0,0.0,0.0,0.0,1560.0,0
2603000015984,0.0066555,0.0,0.0,0.0,0.006849,0.0,0.9,0.151142,0.9,857.0,768.0,669.0,1048.0,11.86,0.0,1.0,0.0,0.0,0.0,0.0,2867.0,0
2603000015999,0.0066555,0.0,0.0,0.0,0.005312,0.0,0.9,0.181062,0.9,610.0,592.0,489.0,763.0,12.09,0.0,2.0,0.0,0.0,0.0,0.0,2867.0,0
2603000016003,0.057753,0.011076,0.004747,0.007911,0.070411,0.017405,1.2,0.195615,1.2,710.0,688.0,455.0,1195.0,9.38,0.0,1.0,0.0,0.0,0.0,0.0,1309.0,0
2603000016018,0.028505,0.0,0.002311,0.002311,0.025424,0.013867,0.87,0.15707,0.87,963.0,916.0,717.0,1284.0,11.49,0.0,0.0,0.0,0.0,0.0,0.0,2867.0,0
2603000016022,0.004566,0.0,0.0,0.0,0.014925,0.0,0.75,0.125761,0.75,619.0,626.0,557.0,684.0,14.05,9.0,4.0,0.0,0.0,0.0,0.0,2218.0,0
2603000016037,0.032328,0.0,0.0,0.0,0.012931,0.015086,0.92,0.196069,0.92,319.0,313.0,257.0,459.0,10.62,4.0,0.0,0.0,0.0,0.0,0.0,1226.0,0
2603000016041,0.0066555,0.0,0.002698,0.0,0.014925,0.0,0.91,0.228174,0.91,861.0,798.0,635.0,1135.0,11.47,0.0,2.0,0.0,0.0,0.0,0.0,2570.0,0
2603000016056,0.0066555,0.0,0.0,0.0,0.005566,0.0,0.99,0.331855,0.99,427.0,398.0,311.0,565.0,11.38,0.0,2.0,0.0,0.0,0.0,0.0,2570.0,0
2603000016060,0.003279,0.0,0.002459,0.002459,0.007377,0.0,0.99,0.143653,0.99,896.0,832.0,660.0,1241.0,11.08,0.0,2.0,0.0,0.0,0.0,0.0,2570.0,0
2603000016075,0.023214,0.021429,0.005357,0.0,0.033929,0.007143,1.0,0.181845,1.0,397.0,393.0,291.0,570.0,10.14,5.0,1.0,0.0,0.0,0.0,0.0,1875.0,0
260300001608A,0.026667,0.0,0.02,0.0,0.14,0.0,1.3,0.371667,1.3,71.0,97.0,53.0,146.0,9.36,0.0,0.0,0.0,0.0,0.0,0.0,698.0,0
2603000016107,0.0066555,0.0,0.0,0.0,0.014925,0.0,1.0,0.25,1.0,223.0,5.0,159.0,6.0,10.43,0.0,0.0,0.0,0.0,0.0,0.0,0.0,1
2603000016111,0.0,0.0,0.0,0.0,0.235294,0.0,1.53,0.294216,1.53,13.0,11.0,8.0,18.0,9.42,0.0,0.0,0.0,0.0,0.0,0.0,0.0,0
2603000016126,0.019763,0.007905,0.0,0.005929,0.077075,0.013834,1.18,0.217418,1.18,276.0,293.0,146.0,504.0,9.18,0.0,2.0,0.0,0.0,0.0,0.0,894.0,0
2603000016130,0.01726,0.011866,0.005394,0.004315,0.050701,0.009709,1.08,0.168464,1.08,561.0,563.0,371.0,899.0,9.63,0.0,1.0,0.0,0.0,0.0,0.0,924.0,0
2603000016145,0.037464,0.017291,0.023055,0.014409,0.10951,0.008646,1.11,0.188625,1.11,204.0,212.0,153.0,328.0,10.15,2.0,1.0,0.0,0.0,0.0,0.0,1275.0,0
260300001615A,0.01827,0.010962,0.008526,0.004872,0.048721,0.008526,0.86,0.137125,0.86,569.0,587.0,411.0,816.0,10.41,3.0,1.0,0.0,0.0,0.0,0.0,992.0,0
2603000016164,0.009766,0.0,0.0,0.0,0.017578,0.0,0.95,0.244336,0.95,382.0,376.0,269.0,533.0,10.54,0.0,0.0,0.0,0.0,0.0,0.0,1297.0,0
2603000016179,0.0,0.0,0.0,0.024,0.0,0.0,1.14,0.166286,1.14,99.0,84.0,64.0,125.0,10.73,0.0,0.0,0.0,0.0,0.0,0.0,1243.0,0
2603000016183,0.0,0.0,0.0,0.0,0.0,0.0,0.97,0.138571,0.97,63.0,58.0,36.0,88.0,10.88,0.0,0.0,0.0,0.0,0.0,0.0,1139.0,0
2603000016198,0.0,0.0,0.0,0.018182,0.014925,0.0,0.97,0.164697,0.97,95.0,102.0,71.0,164.0,10.6,0.0,0.0,1.0,0.0,0.0,0.0,1308.0,0
2603000016200,0.009994,0.0,0.0,0.0,0.002939,0.0,0.78,0.158587,0.78,1616.0,1469.0,1307.0,1852.0,12.76,2.0,3.0,0.0,0.0,0.0,0.0,1799.0,0
2603000016215,0.034904,0.020942,0.006981,0.012216,0.061082,0.017452,0.84,0.14194,0.84,377.0,362.0,262.0,592.0,9.43,0.0,2.0,0.0,0.0,0.0,0.0,1673.0,0
260300001622A,0.00668,0.0,0.0,0.0,0.003597,0.0,0.95,0.137182,0.95,1793.0,1725.0,1544.0,2149.0,12.54,0.0,4.0,0.0,0.0,0.0,0.0,1744.0,0
2603000016234,0.0066555,0.0,0.0,0.0,0.0,0.0,1.52,0.253333,1.52,8.0,17.0,4.0,22.0,8.55,0.0,0.0,0.0,0.0,0.0,0.0,905.0,0
2603000016304,0.022857,0.0,0.0,0.0,0.0,0.0,0.96,0.16381,0.96,135.0,130.0,87.0,179.0,10.71,0.0,0.0,0.0,0.0,0.0,0.0,1270.0,0
2603000016319,0.020927,0.004484,0.0,0.0,0.014948,0.005979,0.96,0.167723,0.96,413.0,415.0,269.0,655.0,10.2,0.0,0.0,0.0,0.0,0.0,0.0,3700.0,0
2603000016323,0.014151,0.023585,0.014151,0.014151,0.099057,0.033019,1.26,0.208302,1.26,115.0,116.0,58.0,199.0,8.88,0.0,2.0,0.0,0.0,0.0,0.0,1270.0,0
2603000016338,0.01072,0.0,0.0,0.007657,0.079632,0.006126,1.13,0.246827,1.13,428.0,412.0,275.0,636.0,9.65,0.0,2.0,0.0,0.0,0.0,0.0,2447.0,0
2603000016342,0.0066555,0.0,0.0,0.0,0.014925,0.0,0.0,0.0,0.0,0.0,0.0,0.0,0.0,0.0,8.0,0.0,0.0,0.0,0.0,0.0,1222.0,0
2603000016357,0.432432,0.189189,0.0,0.0,0.324324,0.324324,1.21,0.413378,1.21,12.0,15.0,7.0,29.0,8.96,0.0,1.0,0.0,0.0,0.0,0.0,1421.0,0
2603000016361,0.0,0.0,0.0,0.0,0.0,0.0,0.72,0.102857,0.72,147.0,147.0,126.0,178.0,12.36,0.0,0.0,0.0,0.0,0.0,0.0,2376.0,0
2603000016376,0.0,0.0,0.0,0.0,0.008466,0.0,0.92,0.154744,0.92,744.0,695.0,564.0,984.0,11.46,0.0,0.0,0.0,0.0,0.0,0.0,2066.0,0
2603000016380,0.075472,0.0,0.0,0.0,0.150943,0.0,1.47,0.565472,1.47,24.0,27.0,12.0,57.0,8.4,0.0,0.0,0.0,0.0,0.0,0.0,698.0,0
2603000016395,0.0066555,0.0,0.0,0.0,0.181818,0.0,1.48,0.415454,1.48,49.0,52.0,38.0,92.0,9.47,0.0,0.0,0.0,0.0,0.0,0.0,2098.0,1
2603000016408,0.0066555,0.0,0.0,0.0,0.014925,0.0,0.86,0.158587,0.86,223.0,218.0,159.0,309.0,10.53,0.0,0.0,0.0,0.0,0.0,0.0,0.0,0
2603000016412,0.0066555,0.0,0.0,0.0,0.0,0.0,1.18,0.236,1.18,3.0,14.0,7.0,17.0,9.12,0.0,0.0,0.0,0.0,0.0,0.0,0.0,0
2603000016427,0.0066555,0.0,0.0,0.0,0.2,0.0,1.22,0.355,1.22,3.0,9.0,4.0,14.0,9.41,0.0,0.0,0.0,0.0,0.0,0.0,0.0,1
2603000016431,0.0,0.0,0.0,0.0,0.0,0.0,0.85,0.121429,0.85,89.0,88.0,81.0,105.0,11.93,0.0,0.0,0.0,0.0,0.0,0.0,1297.0,0
2603000016446,0.0066555,0.0,0.0,0.0,0.014925,0.0,0.75,0.15,0.75,502.0,494.0,385.0,622.0,11.75,1.0,2.0,0.0,0.0,0.0,0.0,3465.0,0
2603000016450,0.00431,0.0,0.0,0.0,0.012931,0.0,0.91,0.15454,0.91,1112.0,1022.0,820.0,1399.0,11.64,0.0,1.0,0.0,0.0,0.0,0.0,1297.0,0
2603000016465,0.012945,0.0,0.012945,0.009709,0.045307,0.0,1.05,0.226181,1.05,222.0,234.0,152.0,318.0,10.54,0.0,0.0,0.0,0.0,0.0,0.0,1493.0,0
260300001647A,0.0066555,0.0,0.208333,0.0,0.0,0.0,0.89,0.274583,0.89,13.0,15.0,5.0,17.0,8.5,0.0,0.0,0.0,0.0,0.0,0.0,1297.0,1
2603000016624,0.009105,0.0,0.009105,0.010622,0.06525,0.0,1.16,0.250816,1.16,408.0,363.0,216.0,649.0,9.42,2.0,0.0,0.0,0.0,0.0,0.0,2675.0,0
2603000016639,0.067151,0.032668,0.029038,0.023593,0.132486,0.016334,1.29,0.227324,1.29,316.0,240.0,132.0,491.0,8.58,0.0,0.0,0.0,0.0,0.0,0.0,1270.0,0
2603000016643,0.002302,0.0,0.0,0.003837,0.00614,0.0,1.12,0.188713,1.12,944.0,756.0,531.0,1264.0,10.04,0.0,1.0,0.0,0.0,0.0,0.0,3700.0,0
2603000016658,0.0066555,0.0,0.0,0.004556,0.014925,0.0,0.99,0.248639,0.99,981.0,932.0,712.0,1309.0,11.36,0.0,1.0,0.0,0.0,0.0,0.0,1324.0,0
2603000016662,0.0066555,0.0,0.004726,0.0,0.0,0.0,0.83,0.166945,0.83,837.0,812.0,641.0,1049.0,11.7,3.0,3.0,0.0,0.0,0.0,0.0,1957.0,0
2603000016677,0.017595,0.0,0.0,0.0,0.01564,0.004888,0.83,0.173625,0.83,840.0,872.0,677.0,1081.0,12.15,0.0,0.0,0.0,0.0,0.0,0.0,3550.0,1
2603000016681,0.0066555,0.0,0.0,0.0,0.014925,0.0,0.74,0.148,0.74,520.0,484.0,433.0,576.0,12.75,0.0,0.0,0.0,0.0,0.0,0.0,1809.0,0
2603000016696,0.0,0.0,0.0,0.0,0.0,0.0,0.92,0.131429,0.92,86.0,89.0,71.0,107.0,12.59,0.0,0.0,0.0,0.0,0.0,0.0,2066.0,0
2603000016709,0.0,0.0,0.0,0.0,0.0,0.0,0.62,0.088571,0.62,217.0,211.0,204.0,223.0,14.31,0.0,0.0,0.0,0.0,0.0,0.0,2376.0,0
2603000016713,0.0,0.0,0.0,0.0,0.0,0.0,0.86,0.122857,0.86,87.0,85.0,83.0,101.0,14.21,0.0,0.0,0.0,0.0,0.0,0.0,2066.0,1
2603000016728,0.0,0.0,0.0,0.0,0.0,0.0,0.66,0.094286,0.66,20.0,23.0,21.0,23.0,14.19,0.0,1.0,0.0,0.0,0.0,0.0,6415.0,1
2603000016732,0.0066555,0.0,0.0,0.0,0.014184,0.0,0.85,0.172837,0.85,218.0,218.0,182.0,303.0,11.63,0.0,0.0,0.0,0.0,0.0,0.0,4215.0,0
2603000016747,0.0,0.0,0.0,0.0,0.0,0.0,0.63,0.09,0.63,101.0,101.0,101.0,101.0,15.06,0.0,0.0,0.0,0.0,0.0,0.0,6698.0,1
2603000016751,0.142857,0.0,0.0,0.0,0.228571,0.085714,1.36,0.259592,1.36,12.0,25.0,9.0,39.0,8.84,0.0,0.0,0.0,0.0,0.0,0.0,698.0,0
2603000016766,0.003663,0.0,0.003663,0.0,0.008547,0.0,1.07,0.180979,1.07,507.0,455.0,299.0,799.0,9.79,0.0,1.0,0.0,0.0,0.0,0.0,1308.0,0
2603000016770,0.0066555,0.0,0.0,0.007772,0.0,0.0,0.98,0.197554,0.98,262.0,233.0,170.0,380.0,10.17,0.0,1.0,0.0,0.0,0.0,0.0,1308.0,0
2603000016785,0.0,0.0,0.0,0.0,0.0,0.0,0.9,0.128571,0.9,4.0,8.0,159.0,9.0,10.15,0.0,0.0,0.0,0.0,0.0,0.0,1308.0,0
260300001679A,0.0066555,0.0,0.0,0.0,0.014925,0.0,0.0,0.0,0.0,0.0,0.0,0.0,0.0,0.0,0.0,0.0,0.0,0.0,0.0,0.0,0.0,0
2603000016802,0.052933,0.041488,0.012876,0.005722,0.150215,0.051502,1.16,0.210677,1.16,402.0,367.0,191.0,674.0,9.02,0.0,2.0,1.0,0.0,0.0,0.0,1297.0,0
2603000016817,0.0066555,0.0,0.0,0.002545,0.005937,0.0,0.86,0.173696,0.86,991.0,852.0,677.0,1202.0,11.05,1.0,1.0,0.0,0.0,0.0,0.0,1297.0,0
2603000016821,0.0066555,0.0,0.0,0.0,0.014925,0.0,0.86,0.158587,0.86,223.0,218.0,159.0,309.0,10.53,0.0,0.0,0.0,0.0,0.0,0.0,1297.0,0
2603000016836,0.0066555,0.0,0.0,0.0,0.014925,0.0,0.78,0.156,0.78,532.0,453.0,371.0,603.0,11.3,0.0,1.0,0.0,0.0,0.0,0.0,1297.0,0
2603000016840,0.003367,0.0,0.0,0.0,0.014925,0.0,0.84,0.168673,0.84,757.0,682.0,585.0,921.0,11.69,2.0,2.0,0.0,0.0,0.0,0.0,1458.0,0
2603000016855,0.0,0.0,0.0,0.008,0.014925,0.0,0.87,0.1756,0.87,269.0,272.0,204.0,370.0,11.22,0.0,0.0,0.0,0.0,0.0,0.0,1259.0,0
260300001686A,0.0066555,0.0,0.0,0.0,0.014925,0.0,0.0,0.0,0.0,0.0,0.0,0.0,0.0,0.0,0.0,0.0,0.0,0.0,0.0,0.0,1275.0,0
2603000016874,0.348571,0.0,0.0,0.017143,0.2,0.068571,1.33,0.392857,1.33,38.0,58.0,22.0,131.0,8.22,0.0,0.0,0.0,0.0,0.0,0.0,856.0,0
2603000016893,0.266667,0.0,0.0,0.0,0.177778,0.155556,1.31,0.318334,1.31,8.0,16.0,6.0,42.0,7.73,0.0,0.0,0.0,0.0,0.0,0.0,0.0,0
2603000016906,0.098214,0.116071,0.0,0.035714,0.196429,0.116071,1.11,0.27875,1.11,27.0,68.0,26.0,104.0,9.27,0.0,0.0,0.0,0.0,0.0,0.0,747.0,0
2603000016910,0.0066555,0.0,0.005277,0.009235,0.01847,0.0,1.25,0.320746,1.25,451.0,394.0,211.0,745.0,9.92,0.0,1.0,0.0,0.0,0.0,0.0,2098.0,0
2603000016925,0.0,0.0,0.0,0.0,0.014925,0.0,0.82,0.136667,0.82,463.0,451.0,423.0,497.0,13.33,0.0,2.0,0.0,0.0,0.0,0.0,2913.0,0
260300001693A,0.004444,0.0,0.0,0.0,0.014925,0.0,0.78,0.156889,0.78,622.0,617.0,567.0,702.0,13.22,0.0,0.0,0.0,0.0,0.0,0.0,2913.0,0
2603000016944,0.0,0.0,0.0,0.0,0.010671,0.0,0.93,0.188134,0.93,532.0,534.0,418.0,704.0,11.64,0.0,0.0,0.0,0.0,0.0,0.0,2458.0,0
2603000016959,0.0066555,0.0,0.0,0.0,0.0,0.0,0.75,0.1875,0.75,594.0,610.0,549.0,649.0,14.43,1.0,0.0,0.0,0.0,0.0,0.0,2180.0,0
2603000016963,0.004785,0.0,0.0,0.0,0.014925,0.0,0.73,0.122464,0.73,1081.0,1057.0,1004.0,1115.0,14.47,0.0,1.0,0.0,0.0,0.0,0.0,2458.0,0
2603000016978,0.008475,0.0,0.0,0.0,0.014925,0.0,0.72,0.121412,0.72,398.0,401.0,391.0,421.0,14.53,0.0,1.0,0.0,0.0,0.0,0.0,2458.0,0
2603000016982,0.0066555,0.0,0.0,0.0,0.014925,0.0,0.71,0.1775,0.71,717.0,700.0,668.0,739.0,14.37,5.0,0.0,0.0,0.0,0.0,0.0,2830.0,0
2603000016997,0.0066555,0.0,0.0,0.0,0.0,0.0,0.57,0.095,0.57,162.0,162.0,152.0,162.0,15.09,3.0,1.0,1.0,0.0,0.0,0.0,5134.0,0
2603000017001,0.149171,0.038674,0.016575,0.016575,0.265193,0.022099,1.4,0.272612,1.4,122.0,80.0,29.0,155.0,7.91,0.0,0.0,0.0,0.0,0.0,0.0,833.0,1
2603000017016,0.0066555,0.0,0.0,0.0,0.145833,0.0,1.23,0.687916,1.23,20.0,26.0,8.0,46.0,8.4,0.0,0.0,0.0,0.0,0.0,0.0,833.0,0
2603000017020,0.0066555,0.0,0.0,0.005405,0.014925,0.0,0.93,0.233851,0.93,381.0,350.0,242.0,560.0,10.46,0.0,1.0,0.0,0.0,0.0,0.0,1324.0,0
2603000017035,0.0,0.0,0.0,0.0,0.014925,0.0,1.11,0.185,1.11,126.0,111.0,65.0,194.0,9.82,0.0,0.0,0.0,0.0,0.0,0.0,1473.0,1
260300001704A,0.0,0.0,0.0,0.0,0.0,0.0,0.8,0.16,0.8,336.0,342.0,284.0,400.0,12.91,0.0,1.0,0.0,0.0,0.0,0.0,1548.0,0
2603000017054,0.0066555,0.0,0.0,0.0,0.0,0.0,0.79,0.131667,0.79,387.0,395.0,338.0,457.0,12.76,0.0,0.0,0.0,0.0,0.0,0.0,1690.0,1
2603000017069,0.0,0.0,0.0,0.0,0.0,0.0,0.66,0.094286,0.66,145.0,144.0,142.0,145.0,14.66,0.0,0.0,0.0,0.0,0.0,0.0,4944.0,0
2603000017073,0.0,0.0,0.0,0.0,0.0,0.0,1.03,0.147143,1.03,223.0,7.0,0.0,10.0,8.2,0.0,0.0,0.0,0.0,0.0,0.0,698.0,0
2603000017088,0.0,0.0,0.0,0.0,0.0,0.0,0.81,0.115714,0.81,46.0,46.0,46.0,47.0,14.39,0.0,0.0,0.0,0.0,0.0,0.0,1744.0,0
2603000017092,0.0066555,0.0,0.0,0.0,0.014925,0.0,1.15,0.383333,1.15,43.0,39.0,24.0,68.0,9.74,0.0,0.0,0.0,0.0,0.0,0.0,1295.0,0
2603000017105,0.0066555,0.0,0.0,0.0,0.0,0.0,1.08,0.27,1.08,18.0,11.0,10.0,19.0,10.54,0.0,0.0,0.0,0.0,0.0,0.0,1297.0,1
260300001711A,0.126984,0.0,0.0,0.0,0.142857,0.0,1.26,0.38246,1.26,7.0,38.0,9.0,60.0,7.8,0.0,0.0,0.0,0.0,0.0,0.0,0.0,1
2603000017124,0.145833,0.166667,0.0,0.0,0.333333,0.229167,1.33,0.3675,1.33,11.0,27.0,11.0,41.0,9.55,0.0,0.0,0.0,0.0,0.0,0.0,0.0,1
2603000017139,0.0066555,0.0,0.0,0.0,0.014925,0.375,0.77,0.381667,0.77,223.0,4.0,159.0,6.0,9.87,0.0,0.0,0.0,0.0,0.0,0.0,0.0,0
2603000017143,0.0066555,0.153846,0.0,0.0,0.179487,0.153846,1.49,0.395436,1.49,11.0,17.0,7.0,38.0,8.99,0.0,0.0,0.0,0.0,0.0,0.0,2098.0,1
2603000017158,0.0066555,0.0,0.0,0.0,0.02765,0.0,1.16,0.197942,1.16,162.0,158.0,121.0,220.0,11.3,0.0,0.0,0.0,0.0,0.0,0.0,1371.0,0
2603000017162,0.0,0.0,0.0,0.0,0.0,0.0,0.83,0.118571,0.83,146.0,147.0,130.0,162.0,13.8,0.0,0.0,0.0,0.0,0.0,0.0,1777.0,0
2603000017177,0.0,0.0,0.0,0.0,0.014925,0.0,0.73,0.121667,0.73,706.0,710.0,646.0,768.0,14.32,0.0,0.0,0.0,0.0,0.0,0.0,3119.0,0
2603000017181,0.0,0.0,0.0,0.0,0.0,0.0,0.52,0.074286,0.52,80.0,80.0,77.0,83.0,14.8,0.0,0.0,0.0,0.0,0.0,0.0,5134.0,0
2603000017196,0.0,0.0,0.0,0.0,0.014925,0.0,0.97,0.161667,0.97,116.0,110.0,75.0,176.0,10.49,0.0,0.0,0.0,0.0,0.0,0.0,2856.0,0
2603000017209,0.04491,0.0,0.017964,0.0,0.083832,0.01497,1.07,0.246335,1.07,221.0,238.0,169.0,333.0,10.81,0.0,1.0,0.0,0.0,0.0,0.0,2151.0,0
2603000017213,0.061224,0.02449,0.012245,0.012245,0.17551,0.04898,1.41,0.249242,1.41,46.0,99.0,52.0,227.0,8.34,0.0,0.0,0.0,0.0,0.0,0.0,906.0,0
2603000017228,0.0066555,0.0,0.0,0.015464,0.010309,0.0,1.12,0.229155,1.12,195.0,149.0,103.0,360.0,9.29,0.0,0.0,0.0,0.0,0.0,0.0,1324.0,0
2603000017232,0.0066555,0.0,0.003937,0.007874,0.014925,0.0,1.13,0.228362,1.13,470.0,385.0,232.0,714.0,9.73,2.0,1.0,0.0,0.0,0.0,0.0,1357.0,0
2603000017247,0.0,0.0,0.0,0.0,0.0,0.0,0.58,0.082857,0.58,162.0,161.0,148.0,172.0,14.04,0.0,0.0,0.0,0.0,0.0,0.0,3330.0,1
2603000017251,0.0,0.0,0.0,0.0,0.022222,0.0,1.09,0.222444,1.09,133.0,121.0,66.0,213.0,9.94,0.0,0.0,0.0,0.0,0.0,0.0,3330.0,0
2603000017266,0.0,0.0,0.0,0.0,0.0,0.0,0.73,0.104286,0.73,21.0,22.0,17.0,24.0,14.14,0.0,0.0,0.0,0.0,0.0,0.0,1957.0,0
2603000017270,0.0066555,0.0,0.0,0.0,0.044025,0.0,0.8,0.168805,0.8,118.0,139.0,111.0,165.0,12.72,0.0,0.0,0.0,0.0,0.0,0.0,6415.0,1
2603000017285,0.033708,0.0,0.0,0.0,0.0,0.0,0.68,0.101958,0.68,90.0,88.0,84.0,91.0,14.94,0.0,0.0,0.0,0.0,0.0,0.0,2066.0,0
260300001729A,0.0,0.0,0.0,0.0,0.0,0.0,0.53,0.075714,0.53,86.0,89.0,77.0,94.0,14.26,0.0,0.0,0.0,0.0,0.0,0.0,5725.0,0
2603000017302,0.0,0.0,0.0,0.0,0.0,0.0,0.58,0.082857,0.58,87.0,87.0,81.0,87.0,14.63,0.0,0.0,0.0,0.0,0.0,0.0,4082.0,0
2603000017317,0.0,0.0,0.0,0.0,0.0,0.0,0.78,0.111429,0.78,254.0,250.0,232.0,270.0,14.26,0.0,0.0,0.0,0.0,0.0,0.0,2458.0,0
2603000017321,0.0066555,0.0,0.0,0.0,0.014925,0.0,0.0,0.0,0.0,0.0,0.0,0.0,0.0,0.0,8.0,0.0,0.0,0.0,0.0,0.0,1439.0,0
2603000017336,0.0,0.0,0.0,0.0,0.0,0.0,0.81,0.162,0.81,147.0,144.0,124.0,166.0,12.75,0.0,0.0,0.0,0.0,0.0,0.0,1308.0,0
2603000017340,0.0,0.0,0.0,0.0,0.014925,0.0,1.17,0.195,1.17,44.0,45.0,33.0,79.0,9.72,0.0,0.0,0.0,0.0,0.0,0.0,1145.0,0
2603000017355,0.002844,0.0,0.002844,0.007583,0.014925,0.0,1.01,0.204654,1.01,697.0,643.0,433.0,1023.0,10.48,0.0,1.0,0.0,0.0,0.0,0.0,3465.0,0
260300001736A,0.0066555,0.0,0.0,0.0,0.014925,0.0,0.86,0.158587,0.86,223.0,218.0,159.0,309.0,10.53,0.0,1.0,0.0,0.0,0.0,0.0,1297.0,0
2603000017374,0.0066555,0.0,0.0,0.0,0.014925,0.0,0.0,0.0,0.0,0.0,0.0,0.0,0.0,0.0,0.0,0.0,0.0,0.0,0.0,0.0,0.0,0
2603000017389,0.008032,0.0,0.0,0.0,0.00241,0.0,0.97,0.140063,0.97,956.0,935.0,594.0,1267.0,11.52,0.0,0.0,0.0,0.0,0.0,0.0,1595.0,0
2603000017393,0.109091,0.0,0.0,0.0,0.254545,0.090909,1.26,0.342909,1.26,6.0,26.0,5.0,54.0,7.79,0.0,0.0,0.0,0.0,0.0,0.0,0.0,0
2603000017406,0.347826,0.0,0.0,0.0,0.217391,0.73913,1.46,0.552869,1.46,5.0,11.0,7.0,25.0,6.82,0.0,0.0,0.0,0.0,0.0,0.0,0.0,1
2603000017410,0.142857,0.0,0.0,0.0,0.214286,0.178571,1.24,0.355143,1.24,6.0,24.0,6.0,27.0,8.18,0.0,0.0,0.0,0.0,0.0,0.0,0.0,1
2603000017425,0.0066555,0.0,0.0,0.0,0.014925,0.0,0.58,0.193333,0.58,223.0,3.0,159.0,309.0,4.0,0.0,0.0,0.0,0.0,0.0,0.0,0.0,0
260300001743A,0.0,0.0,0.0,0.0,0.014925,0.0,1.6,0.32,1.6,18.0,18.0,12.0,33.0,8.36,0.0,0.0,0.0,0.0,0.0,0.0,2098.0,0
2603000017444,0.008086,0.0,0.0,0.0,0.06469,0.0,1.16,0.246555,1.16,500.0,448.0,320.0,752.0,10.31,0.0,0.0,0.0,0.0,0.0,0.0,1432.0,0
2603000017459,0.0066555,0.0,0.0,0.0,0.014925,0.0,0.86,0.158587,0.86,223.0,218.0,159.0,309.0,10.53,0.0,0.0,0.0,0.0,0.0,0.0,9385.0,0
2603000017463,0.010772,0.0,0.0,0.0,0.0,0.0,0.57,0.082967,0.57,652.0,644.0,633.0,652.0,14.62,7.0,2.0,0.0,0.0,0.0,0.0,5134.0,0
2603000017478,0.0,0.0,0.0,0.0,0.0,0.0,0.54,0.077143,0.54,139.0,140.0,123.0,141.0,15.13,1.0,1.0,0.0,0.0,0.0,0.0,0.0,0
2603000017482,0.0066555,0.0,0.0,0.0,0.0,0.0,0.65,0.13,0.65,436.0,438.0,393.0,457.0,15.49,0.0,1.0,0.0,0.0,0.0,0.0,1292.0,0
2603000017497,0.0,0.0,0.0,0.0,0.014925,0.0,0.99,0.165,0.99,65.0,77.0,49.0,103.0,10.44,0.0,0.0,0.0,0.0,0.0,0.0,1292.0,0
260300001750A,0.002626,0.0,0.0,0.0,0.003283,0.0,0.85,0.122273,0.85,1303.0,1282.0,1062.0,1566.0,12.53,2.0,3.0,0.0,0.0,0.0,0.0,2191.0,0
2603000017514,0.0,0.0,0.0,0.0,0.009554,0.0,1.13,0.189926,1.13,188.0,237.0,156.0,333.0,10.54,0.0,0.0,0.0,0.0,0.0,0.0,2151.0,0
2603000017529,0.005006,0.0,0.0,0.0,0.014925,0.0,0.78,0.157001,0.78,726.0,758.0,624.0,830.0,13.41,0.0,0.0,1.0,0.0,0.0,0.0,2447.0,0
2603000017548,0.0,0.0,0.0,0.0,0.0,0.0,0.57,0.081429,0.57,24.0,27.0,22.0,27.0,15.72,0.0,1.0,0.0,0.0,0.0,0.0,4235.0,0
2603000017552,0.0,0.0,0.0,0.0,0.014925,0.0,1.32,0.22,1.32,10.0,4.0,3.0,13.0,10.61,0.0,0.0,0.0,0.0,0.0,0.0,1117.0,0
2603000017567,0.0,0.0,0.0,0.0,0.0,0.0,1.11,0.158571,1.11,74.0,66.0,40.0,113.0,10.39,0.0,0.0,0.0,0.0,0.0,0.0,1128.0,0
2603000017571,0.0,0.0,0.0,0.0,0.0,0.0,0.74,0.105714,0.74,25.0,29.0,24.0,32.0,13.51,0.0,0.0,0.0,0.0,0.0,0.0,1957.0,1
2603000017586,0.0066555,0.0,0.0,0.0,0.0,0.0,1.14,0.228,1.14,38.0,46.0,23.0,71.0,9.94,0.0,0.0,0.0,0.0,0.0,0.0,1183.0,0
2603000017603,0.0,0.0,0.0,0.0,0.0,0.0,1.25,0.178571,1.25,34.0,38.0,16.0,50.0,10.23,0.0,0.0,0.0,0.0,0.0,0.0,1297.0,0
2603000017618,0.214286,0.0,0.0,0.0,0.357143,0.0,1.42,0.331905,1.42,4.0,10.0,4.0,12.0,9.89,0.0,0.0,0.0,0.0,0.0,0.0,0.0,1
2603000017622,0.0066555,0.0,0.0,0.0,0.014925,0.0,0.0,0.0,0.0,0.0,0.0,0.0,0.0,0.0,0.0,0.0,0.0,0.0,0.0,0.0,0.0,0
2603000017637,0.0,0.0,0.0,0.0,0.014925,0.0,1.44,0.24,1.44,30.0,36.0,18.0,75.0,9.56,0.0,0.0,0.0,0.0,0.0,0.0,1245.0,0
2603000017641,0.0,0.0,0.0,0.0,0.0,0.0,1.67,0.238571,1.67,32.0,28.0,17.0,50.0,9.34,0.0,0.0,0.0,0.0,0.0,0.0,1371.0,0
2603000017656,0.0,0.0,0.0,0.0,0.0,0.0,0.72,0.12,0.72,161.0,155.0,150.0,174.0,14.11,0.0,0.0,0.0,0.0,0.0,0.0,2180.0,0
2603000017660,0.0,0.0,0.0,0.0,0.0,0.0,0.75,0.107143,0.75,152.0,152.0,143.0,154.0,14.74,0.0,0.0,0.0,0.0,0.0,0.0,2180.0,0
2603000017675,0.0,0.0,0.0,0.0,0.0,0.0,0.74,0.105714,0.74,96.0,96.0,91.0,98.0,14.69,0.0,0.0,0.0,0.0,0.0,0.0,2180.0,0
260300001768A,0.0066555,0.0,0.0,0.0,0.0,0.0,0.71,0.118333,0.71,36.0,40.0,38.0,40.0,14.68,0.0,0.0,0.0,0.0,0.0,0.0,2180.0,0
2603000017694,0.0,0.0,0.0,0.0,0.0,0.0,0.34,0.048571,0.34,3.0,3.0,3.0,3.0,14.6,0.0,0.0,1.0,0.0,0.0,0.0,5135.0,1
2603000017707,0.0066555,0.0,0.0,0.0,0.0,0.0,0.59,0.098333,0.59,396.0,396.0,383.0,397.0,15.08,0.0,3.0,1.0,0.0,0.0,0.0,5172.0,0
2603000017711,0.0,0.0,0.0,0.0,0.0,0.0,0.68,0.097143,0.68,236.0,236.0,205.0,252.0,14.31,0.0,0.0,0.0,0.0,0.0,0.0,1690.0,0
2603000017726,0.0,0.0,0.0,0.0,0.014925,0.0,1.13,0.2825,1.13,45.0,65.0,48.0,115.0,9.83,0.0,0.0,0.0,0.0,0.0,0.0,0.0,0
2603000017798,0.0066555,0.0,0.0,0.011765,0.0,0.0,1.02,0.206353,1.02,216.0,172.0,93.0,327.0,9.48,0.0,1.0,0.0,0.0,0.0,0.0,1570.0,0
2603000017800,0.0066555,0.0,0.008631,0.011097,0.01233,0.0,1.2,0.246412,1.2,217.0,292.0,184.0,727.0,9.22,2.0,0.0,0.0,0.0,0.0,0.0,1308.0,0
2603000017815,0.0066555,0.0,0.0,0.0,0.0,0.0,0.95,0.2375,0.95,418.0,457.0,312.0,572.0,11.98,0.0,0.0,0.0,0.0,0.0,0.0,3550.0,0
260300001782A,0.0,0.0,0.0,0.0,0.0,0.0,1.1,0.157143,1.1,34.0,27.0,28.0,39.0,11.87,0.0,0.0,0.0,0.0,0.0,0.0,2066.0,0
2603000017834,0.0,0.0,0.0,0.0,0.0,0.0,0.58,0.082857,0.58,110.0,108.0,107.0,111.0,14.46,1.0,1.0,0.0,0.0,0.0,0.0,5258.0,1
2603000017849,0.0,0.0,0.0,0.0,0.0,0.0,0.59,0.084286,0.59,6.0,6.0,6.0,6.0,16.38,1.0,0.0,0.0,0.0,0.0,0.0,5314.0,0
2603000017853,0.0,0.0,0.0,0.0,0.0,0.0,0.52,0.074286,0.52,10.0,11.0,10.0,11.0,15.33,0.0,0.0,0.0,0.0,0.0,0.0,4945.0,1
2603000017868,0.0,0.0,0.0,0.0,0.0,0.0,0.84,0.12,0.84,208.0,164.0,114.0,267.0,10.79,0.0,0.0,0.0,0.0,0.0,0.0,1308.0,0
2603000017872,0.0,0.0,0.0,0.0,0.014925,0.0,0.99,0.165,0.99,279.0,231.0,161.0,423.0,10.58,0.0,1.0,0.0,0.0,0.0,0.0,1295.0,0
2603000017887,0.0,0.0,0.0,0.0,0.0,0.0,1.11,0.158571,1.11,158.0,145.0,90.0,200.0,10.31,0.0,1.0,0.0,0.0,0.0,0.0,1297.0,0
2603000017891,0.0066555,0.0,0.0,0.0,0.014925,0.0,0.0,0.0,0.0,0.0,0.0,0.0,0.0,0.0,0.0,0.0,0.0,0.0,0.0,0.0,0.0,0
2603000017904,0.00404,0.0,0.0,0.0,0.014925,0.0,0.98,0.196808,0.98,820.0,737.0,483.0,1026.0,11.59,0.0,2.0,1.0,0.0,0.0,0.0,1867.0,1
2603000017919,0.0066555,0.0,0.0,0.0,0.014925,0.0,0.0,0.0,0.0,0.0,0.0,0.0,0.0,0.0,0.0,0.0,0.0,0.0,0.0,0.0,0.0,0
2603000017923,0.0066555,0.0,0.0,0.0,0.014925,0.0,1.08,0.36,1.08,764.0,641.0,472.0,1098.0,10.33,0.0,1.0,0.0,0.0,0.0,0.0,1221.0,0
2603000017938,0.010256,0.0,0.0,0.023077,0.046154,0.0,1.26,0.223248,1.26,191.0,209.0,131.0,376.0,9.28,0.0,0.0,0.0,0.0,0.0,0.0,2004.0,1
2603000017942,0.0066555,0.0,0.0,0.0,0.014925,0.0,0.0,0.0,0.0,0.0,0.0,0.0,0.0,0.0,0.0,0.0,0.0,0.0,0.0,0.0,1371.0,0
2603000017957,0.0,0.0,0.0,0.0,0.0,0.0,0.84,0.12,0.84,167.0,169.0,156.0,172.0,14.63,0.0,0.0,0.0,0.0,0.0,0.0,1777.0,0
2603000017961,0.0,0.0,0.0,0.0,0.0,0.0,0.85,0.121429,0.85,11.0,12.0,12.0,14.0,14.82,0.0,1.0,0.0,0.0,0.0,0.0,2830.0,1
2603000017976,0.0,0.0,0.0,0.0,0.0,0.0,0.81,0.115714,0.81,28.0,24.0,25.0,31.0,14.06,0.0,0.0,0.0,0.0,0.0,0.0,2180.0,0
2603000017980,0.022727,0.0,0.0,0.0,0.014925,0.0,0.75,0.128788,0.75,226.0,225.0,219.0,246.0,14.53,0.0,3.0,0.0,0.0,0.0,0.0,2180.0,0
2603000017995,0.0066555,0.0,0.0,0.0,0.0,0.0,0.79,0.131667,0.79,49.0,50.0,50.0,51.0,14.8,0.0,0.0,0.0,0.0,0.0,0.0,2180.0,0
260300001800A,0.0,0.0,0.0,0.0,0.0,0.0,0.63,0.09,0.63,63.0,63.0,62.0,65.0,14.73,0.0,0.0,0.0,0.0,0.0,0.0,2180.0,0
2603000018014,0.006887,0.0,0.0,0.0,0.0,0.0,0.61,0.088127,0.61,833.0,822.0,788.0,843.0,15.43,0.0,0.0,0.0,0.0,0.0,0.0,3853.0,0
2603000018029,0.004129,0.0,0.004955,0.00578,0.10322,0.0,1.27,0.198298,1.27,805.0,567.0,353.0,1130.0,9.43,3.0,1.0,0.0,0.0,0.0,0.0,1123.0,0
2603000018033,0.002215,0.0,0.003322,0.007752,0.002769,0.0,1.21,0.204343,1.21,950.0,663.0,439.0,1656.0,8.96,0.0,0.0,0.0,0.0,0.0,0.0,1123.0,0
2603000018048,0.0066555,0.0,0.0,0.0,0.014925,0.0,0.76,0.152,0.76,363.0,378.0,303.0,451.0,12.73,0.0,3.0,0.0,0.0,0.0,0.0,1690.0,0
2603000018052,0.0066555,0.0,0.0,0.0,0.014925,0.0,0.81,0.162,0.81,516.0,599.0,430.0,703.0,12.41,0.0,0.0,0.0,0.0,0.0,0.0,0.0,0
2603000018067,0.0066555,0.0,0.0,0.0,0.0,0.0,0.73,0.121667,0.73,495.0,520.0,440.0,551.0,13.67,0.0,0.0,0.0,0.0,0.0,0.0,1690.0,0
2603000018071,0.0066555,0.0,0.0,0.0,0.0,0.0,0.63,0.105,0.63,376.0,374.0,351.0,390.0,14.71,0.0,0.0,0.0,0.0,0.0,0.0,2151.0,0
2603000018090,0.0066555,0.0,0.0,0.0,0.0,0.0,0.78,0.13,0.78,153.0,203.0,135.0,225.0,12.61,0.0,0.0,0.0,0.0,0.0,0.0,2675.0,1
2603000018103,0.0066555,0.0,0.0,0.0,0.014925,0.0,0.0,0.0,0.0,0.0,0.0,0.0,0.0,0.0,0.0,0.0,0.0,0.0,0.0,0.0,833.0,0
2603000018118,0.0066555,0.0,0.0,0.0,0.014925,0.0,0.0,0.0,0.0,0.0,0.0,0.0,0.0,0.0,0.0,0.0,0.0,0.0,0.0,0.0,833.0,0
2603000018122,0.0,0.0,0.0,0.0,0.0,0.0,1.09,0.155714,1.09,65.0,55.0,46.0,100.0,9.73,0.0,0.0,0.0,0.0,0.0,0.0,3700.0,0
2603000018137,0.0066555,0.0,0.0,0.0,0.014925,0.0,0.77,0.154,0.77,750.0,777.0,620.0,863.0,13.48,0.0,0.0,0.0,0.0,0.0,0.0,2856.0,0
2603000018141,0.0066555,0.0,0.0,0.0,0.121951,0.0,1.37,0.29839,1.37,69.0,66.0,40.0,122.0,9.43,0.0,0.0,0.0,0.0,0.0,0.0,1245.0,0
2603000018211,0.0,0.0,0.0,0.0,0.0,0.0,0.54,0.077143,0.54,216.0,213.0,203.0,216.0,15.22,0.0,0.0,0.0,0.0,0.0,0.0,2856.0,0
2603000018226,0.0066555,0.0,0.0,0.0,0.014925,0.0,0.86,0.158587,0.86,223.0,218.0,159.0,309.0,10.53,0.0,0.0,0.0,0.0,0.0,0.0,833.0,0
2603000018230,0.0,0.0,0.0,0.0,0.0,0.0,1.0,0.142857,1.0,5.0,3.0,159.0,7.0,9.17,0.0,0.0,0.0,0.0,0.0,0.0,1270.0,0
2603000018245,0.0066555,0.0,0.0,0.0,0.014925,0.0,0.0,0.0,0.0,0.0,0.0,0.0,0.0,0.0,0.0,0.0,0.0,0.0,0.0,0.0,1357.0,0
260300001825A,0.01006,0.0,0.0,0.0,0.0,0.0,1.13,0.228012,1.13,228.0,239.0,138.0,478.0,9.39,0.0,0.0,0.0,0.0,0.0,0.0,1570.0,0
2603000018264,0.0,0.0,0.0,0.0,0.0,0.0,1.12,0.16,1.12,28.0,20.0,13.0,42.0,9.44,0.0,0.0,0.0,0.0,0.0,0.0,1308.0,1
2603000018279,0.003122,0.0,0.009365,0.01873,0.014925,0.0,1.25,0.213536,1.25,286.0,358.0,143.0,849.0,8.88,0.0,0.0,0.0,0.0,0.0,0.0,1308.0,1
2603000018283,0.0,0.0,0.0,0.004367,0.0,0.0,1.11,0.159195,1.11,415.0,422.0,279.0,672.0,10.42,0.0,0.0,0.0,0.0,0.0,0.0,3330.0,0
2603000018298,0.0,0.0,0.0,0.0,0.0,0.0,1.0,0.142857,1.0,115.0,97.0,65.0,159.0,11.43,0.0,0.0,0.0,0.0,0.0,0.0,3550.0,0
2603000018300,0.0,0.0,0.0,0.0,0.0,0.0,0.72,0.102857,0.72,130.0,130.0,122.0,140.0,14.64,0.0,0.0,0.0,0.0,0.0,0.0,2066.0,0
2603000018315,0.0,0.0,0.0,0.0,0.0,0.0,0.47,0.067143,0.47,30.0,30.0,28.0,31.0,14.09,0.0,0.0,0.0,0.0,0.0,0.0,2066.0,1
260300001832A,0.0066555,0.0,0.0,0.0,0.014925,0.0,0.86,0.158587,0.86,223.0,218.0,159.0,309.0,10.53,0.0,0.0,0.0,0.0,0.0,0.0,1548.0,0
2603000018334,0.019481,0.0,0.0,0.0,0.0,0.0,0.53,0.078497,0.53,159.0,166.0,144.0,169.0,15.3,0.0,0.0,0.0,0.0,0.0,0.0,4215.0,0
2603000018349,0.0066555,0.0,0.0,0.0,0.014925,0.0,0.0,0.0,0.0,0.0,0.0,0.0,0.0,0.0,0.0,0.0,0.0,0.0,0.0,0.0,1049.0,0
2603000018353,0.0066555,0.0,0.0,0.0,0.014925,0.0,0.0,0.0,0.0,0.0,0.0,0.0,0.0,0.0,0.0,0.0,0.0,0.0,0.0,0.0,0.0,0
2603000018368,0.0066555,0.0,0.0,0.0,0.014925,0.0,0.86,0.158587,0.86,223.0,218.0,159.0,309.0,10.53,0.0,0.0,0.0,0.0,0.0,0.0,0.0,0
2603000018372,0.0,0.0,0.75,0.0,0.75,0.0,1.4,0.414286,1.4,0.0,3.0,0.0,309.0,8.78,0.0,0.0,0.0,0.0,0.0,0.0,0.0,0
2603000018387,0.4,0.4,0.0,0.0,0.6,0.6,1.37,0.561667,1.37,223.0,7.0,0.0,7.0,8.28,0.0,0.0,0.0,0.0,0.0,0.0,0.0,1
2603000018391,0.392857,0.25,0.0,0.0,0.392857,0.142857,1.35,0.361224,1.35,4.0,18.0,3.0,26.0,8.43,0.0,0.0,0.0,0.0,0.0,0.0,0.0,1
2603000018404,0.0066555,0.0,0.0,0.0,0.0,0.0,0.9,0.225,0.9,210.0,202.0,143.0,298.0,11.18,0.0,0.0,0.0,0.0,0.0,0.0,2098.0,0
2603000018419,0.0,0.0,0.0,0.0,0.0,0.0,0.93,0.132857,0.93,94.0,95.0,64.0,120.0,11.78,0.0,0.0,0.0,0.0,0.0,0.0,2098.0,0
2603000018423,0.0,0.0,0.0,0.0,0.014925,0.0,1.23,0.205,1.23,7.0,11.0,7.0,16.0,10.26,0.0,0.0,0.0,0.0,0.0,0.0,1245.0,1
2603000018438,0.0,0.0,0.0,0.0,0.0,0.0,0.79,0.112857,0.79,97.0,96.0,97.0,101.0,15.07,0.0,0.0,0.0,0.0,0.0,0.0,1777.0,0
2603000018442,0.0066555,0.0,0.0,0.0,0.0,0.0,0.75,0.125,0.75,158.0,169.0,151.0,174.0,13.97,0.0,0.0,0.0,0.0,0.0,0.0,2913.0,0
2603000018457,0.0,0.0,0.0,0.0,0.014925,0.0,0.7,0.116667,0.7,14.0,13.0,10.0,18.0,10.4,0.0,0.0,0.0,0.0,0.0,0.0,0.0,1
2603000018461,0.0,0.0,0.0,0.0,0.246269,0.0,1.21,0.208038,1.21,94.0,73.0,40.0,133.0,9.03,0.0,0.0,0.0,0.0,0.0,0.0,1123.0,1
2603000018476,0.0066555,0.0,0.0,0.0,0.0,0.0,1.14,0.228,1.14,75.0,53.0,42.0,133.0,8.79,0.0,0.0,0.0,0.0,0.0,0.0,1059.0,0
2603000018480,0.294118,0.352941,0.0,0.0,0.352941,0.647059,0.89,0.422843,0.89,223.0,5.0,159.0,12.0,6.43,0.0,0.0,0.0,0.0,0.0,0.0,1515.0,1
2603000018495,0.0066555,0.0,0.0,0.0,0.014925,0.0,0.86,0.158587,0.86,223.0,218.0,159.0,309.0,10.53,0.0,0.0,0.0,0.0,0.0,0.0,1515.0,0
2603000018508,0.0,0.0,0.0,0.0,0.0,0.0,0.98,0.14,0.98,22.0,35.0,23.0,42.0,11.41,0.0,0.0,0.0,0.0,0.0,0.0,0.0,1
2603000018512,0.0066555,0.0,0.0,0.0,0.014925,0.0,0.0,0.0,0.0,0.0,0.0,0.0,0.0,0.0,0.0,0.0,0.0,0.0,0.0,0.0,2675.0,0
2603000018527,0.0066555,0.0,0.0,0.0,0.263158,0.0,1.16,0.35579,1.16,5.0,15.0,5.0,18.0,9.71,0.0,0.0,0.0,0.0,0.0,0.0,932.0,0
2603000018531,0.0,0.0,0.0,0.0,0.0,0.0,0.8,0.114286,0.8,312.0,336.0,268.0,364.0,13.88,0.0,0.0,0.0,0.0,0.0,0.0,0.0,1
2603000018546,0.20765,0.0,0.0,0.016393,0.174863,0.060109,1.18,0.327803,1.18,27.0,81.0,28.0,176.0,8.24,0.0,1.0,0.0,0.0,0.0,0.0,1715.0,1
2603000018550,0.0066555,0.0,0.0,0.0,0.014925,0.0,0.64,0.128,0.64,631.0,629.0,568.0,678.0,14.87,0.0,0.0,0.0,0.0,0.0,0.0,2151.0,0
2603000018601,0.0,0.0,0.0,0.0,0.0,0.0,0.68,0.097143,0.68,25.0,24.0,21.0,27.0,13.34,0.0,0.0,0.0,0.0,0.0,0.0,1595.0,0
2603000018616,0.0066555,0.0,0.0,0.0,0.0,0.0,1.1,0.22,1.1,0.0,218.0,0.0,3.0,8.67,0.0,0.0,0.0,0.0,0.0,0.0,0.0,0
2603000018620,0.0,0.0,0.0,0.0,0.0,0.0,1.25,0.178571,1.25,0.0,218.0,159.0,309.0,8.83,0.0,0.0,0.0,0.0,0.0,0.0,0.0,1
2603000018635,0.005111,0.0,0.0,0.005111,0.005111,0.0,1.13,0.190889,1.13,334.0,298.0,138.0,586.0,9.57,0.0,1.0,0.0,0.0,0.0,0.0,1308.0,1
260300001864A,0.0066555,0.0,0.0,0.0,0.0,0.0,0.7,0.116667,0.7,124.0,124.0,117.0,128.0,15.35,0.0,0.0,0.0,0.0,0.0,0.0,3561.0,0
2603000018654,0.0066555,0.0,0.0,0.0,0.014925,0.0,0.8,0.2,0.8,275.0,291.0,203.0,390.0,11.97,0.0,0.0,0.0,0.0,0.0,0.0,1466.0,0
2603000018669,0.0,0.0,0.0,0.0,0.0,0.0,0.88,0.125714,0.88,223.0,218.0,159.0,4.0,10.75,0.0,0.0,0.0,0.0,0.0,0.0,1183.0,0
2603000018673,0.0,0.0,0.0,0.0,0.014925,0.0,0.94,0.156667,0.94,20.0,16.0,12.0,27.0,10.1,0.0,0.0,0.0,0.0,0.0,0.0,965.0,1
2603000018688,0.0,0.0,0.0,0.0,0.0,0.0,0.47,0.067143,0.47,4.0,4.0,4.0,4.0,12.0,0.0,0.0,0.0,0.0,0.0,0.0,0.0,0
2603000018692,0.0,0.0,0.0,0.0,0.0,0.0,0.79,0.112857,0.79,86.0,88.0,82.0,92.0,14.96,0.0,0.0,0.0,0.0,0.0,0.0,1777.0,0
2603000018705,0.0066555,0.0,0.0,0.0,0.014925,0.0,0.8,0.4,0.8,153.0,164.0,144.0,168.0,15.11,0.0,0.0,0.0,0.0,0.0,0.0,1777.0,1
260300001871A,0.0066555,0.0,0.0,0.0,0.014925,0.0,0.86,0.158587,0.86,223.0,218.0,159.0,309.0,10.53,0.0,0.0,0.0,0.0,0.0,0.0,1521.0,0
2603000018724,0.0066555,0.0,0.0,0.0,0.014925,0.0,0.86,0.158587,0.86,223.0,218.0,159.0,309.0,10.53,0.0,0.0,0.0,0.0,0.0,0.0,1371.0,0
2603000018739,0.0,0.0,0.0,0.0,0.0,0.0,0.69,0.098571,0.69,290.0,292.0,277.0,309.0,14.73,0.0,0.0,0.0,0.0,0.0,0.0,3119.0,0
2603000018743,0.0066555,0.0,0.0,0.0,0.014925,0.0,0.86,0.158587,0.86,223.0,218.0,159.0,309.0,10.53,0.0,0.0,0.0,0.0,0.0,0.0,0.0,0
2603000018758,0.0,0.0,0.0,0.0,0.0,0.0,1.07,0.152857,1.07,44.0,24.0,18.0,72.0,8.82,0.0,0.0,0.0,0.0,0.0,0.0,1123.0,0
2603000018866,0.021538,0.0,0.009231,0.0,0.012308,0.0,1.04,0.216615,1.04,232.0,204.0,112.0,334.0,10.43,0.0,0.0,0.0,0.0,0.0,0.0,1493.0,0
2603000018870,0.008257,0.004587,0.0,0.0,0.002752,0.002752,0.87,0.17767,0.87,777.0,831.0,614.0,1123.0,11.94,0.0,1.0,0.0,0.0,0.0,0.0,2180.0,0
2603000018885,0.0066555,0.0,0.0,0.005882,0.0,0.0,1.07,0.215176,1.07,288.0,260.0,179.0,499.0,10.0,0.0,0.0,0.0,0.0,0.0,0.0,2090.0,0
260300001889A,0.0066555,0.006483,0.006483,0.009724,0.014925,0.0,1.05,0.214538,1.05,304.0,308.0,223.0,579.0,9.83,0.0,0.0,0.0,0.0,0.0,0.0,2090.0,0
2603000018902,0.0066555,0.0,0.0,0.0,0.0,0.0,0.9,0.15,0.9,53.0,55.0,43.0,61.0,14.2,0.0,0.0,0.0,0.0,0.0,0.0,0.0,1
2603000018917,0.0,0.0,0.0,0.0,0.0,0.0,1.11,0.185,1.11,140.0,138.0,96.0,196.0,11.18,0.0,0.0,0.0,0.0,0.0,0.0,1715.0,0
2603000018921,0.516129,0.064516,0.053763,0.043011,0.473118,0.16129,1.43,0.39169,1.43,4.0,33.0,159.0,53.0,7.04,0.0,0.0,0.0,0.0,0.0,0.0,0.0,1
2603000018936,0.846154,0.307692,0.923077,0.230769,0.692308,0.692308,0.78,0.638901,0.78,24.0,29.0,20.0,30.0,11.57,0.0,0.0,0.0,0.0,0.0,0.0,100.0,1
2603000018940,0.0066555,0.0,0.0,0.0,0.014925,0.0,1.14,1.14,1.14,6.0,6.0,5.0,6.0,11.5,0.0,0.0,0.0,0.0,0.0,0.0,42.0,1
2603000018955,0.0,0.0,0.0,0.005172,0.0,0.0,1.04,0.14931,1.04,600.0,657.0,384.0,1124.0,10.11,0.0,0.0,0.0,0.0,0.0,0.0,1570.0,1
260300001896A,0.669492,0.20339,0.042373,0.118644,0.483051,0.237288,1.37,0.44632,1.37,3.0,13.0,7.0,58.0,7.25,0.0,0.0,0.0,0.0,0.0,0.0,1148.0,0
2603000018989,0.692308,0.846154,0.692308,0.0,0.384615,0.384615,0.83,0.638333,0.83,0.0,5.0,0.0,0.0,6.13,0.0,0.0,0.0,0.0,0.0,0.0,0.0,1
2603000018993,0.0066555,0.0,0.0,0.0,0.006842,0.0,0.95,0.159474,0.95,720.0,733.0,605.0,911.0,12.76,0.0,0.0,0.0,0.0,0.0,0.0,0.0,0
2603001370057,0.0066555,0.0,0.0,0.0,0.014925,0.0,0.0,0.0,0.0,0.0,0.0,0.0,0.0,0.0,0.0,0.0,0.0,0.0,0.0,0.0,0.0,0
2603001370061,0.2,0.0,0.0,0.0,0.0,0.0,1.17,0.274,1.17,7.0,9.0,4.0,12.0,8.66,0.0,0.0,0.0,0.0,0.0,0.0,245.0,0
2603001370485,0.0066555,0.0,0.0,0.0,0.014925,0.0,0.0,0.0,0.0,0.0,0.0,0.0,0.0,0.0,0.0,0.0,0.0,0.0,0.0,0.0,0.0,0
2603001370589,0.107143,0.0,0.0,0.0,0.285714,0.285714,1.59,0.324082,1.59,21.0,7.0,4.0,14.0,7.55,0.0,0.0,0.0,0.0,0.0,0.0,119.0,1
2603001371040,0.246988,0.048193,0.0,0.0,0.204819,0.072289,1.44,0.335382,1.44,33.0,85.0,14.0,144.0,8.37,0.0,0.0,0.0,0.0,0.0,0.0,245.0,1
2603001373140,0.027211,0.0,0.0,0.010204,0.027211,0.020408,1.07,0.231007,1.07,108.0,166.0,75.0,267.0,8.86,0.0,4.0,0.0,0.0,0.0,0.0,0.0,0
2603001373155,0.020725,0.0,0.0,0.0,0.036269,0.020725,0.97,0.209544,0.97,69.0,111.0,47.0,165.0,9.15,1.0,3.0,0.0,0.0,0.0,0.0,245.0,0
260300137316A,0.040241,0.014085,0.016097,0.018109,0.090543,0.06841,1.25,0.213926,1.25,215.0,273.0,106.0,440.0,7.98,1.0,1.0,0.0,0.0,0.0,0.0,119.0,0
2603001373174,0.0,0.0,0.0,0.0,0.014925,0.0,0.77,0.128333,0.77,4.0,9.0,159.0,11.0,11.29,0.0,0.0,0.0,0.0,0.0,0.0,7210.0,0
2603001373189,0.0,0.0,0.0,0.0,0.0,0.0,0.5,0.071429,0.5,5.0,8.0,7.0,8.0,10.94,0.0,0.0,0.0,0.0,0.0,0.0,7210.0,0
2603001373193,0.0,0.0,0.0,0.0,0.014925,0.0,0.57,0.095,0.57,8.0,9.0,8.0,13.0,10.57,0.0,0.0,0.0,0.0,0.0,0.0,7210.0,0
2603001373206,0.0,0.0,0.0,0.0,0.0,0.0,0.86,0.122857,0.86,5.0,4.0,4.0,6.0,8.92,0.0,0.0,0.0,0.0,0.0,0.0,13129.0,0
2603001373210,0.0066555,0.0,0.0,0.0,0.014925,0.0,0.78,0.26,0.78,223.0,218.0,159.0,309.0,9.78,0.0,0.0,0.0,0.0,0.0,0.0,0.0,0
2603001375024,0.084375,0.028125,0.025,0.0375,0.14375,0.078125,1.52,0.273839,1.52,140.0,159.0,36.0,254.0,7.81,0.0,1.0,0.0,0.0,0.0,0.0,0.0,0
2603001375950,0.488889,0.133333,0.0,0.0,0.333333,0.088889,1.48,0.504889,1.48,4.0,21.0,159.0,37.0,7.52,0.0,5.0,0.0,0.0,0.0,0.0,245.0,0
2603001376272,0.0066555,0.0,0.0,0.0,0.014925,0.0,0.0,0.0,0.0,0.0,0.0,0.0,0.0,0.0,0.0,0.0,0.0,0.0,0.0,0.0,7210.0,0
2603001376287,0.166667,0.0,0.119048,0.0,0.261905,0.261905,1.34,0.358254,1.34,35.0,17.0,3.0,22.0,6.94,0.0,0.0,0.0,0.0,0.0,0.0,119.0,1
2603001376291,0.0066555,0.0,0.0,0.0,0.014925,0.0,1.18,0.295,1.18,21.0,38.0,13.0,59.0,8.31,0.0,0.0,0.0,0.0,0.0,0.0,245.0,0
2603001376484,0.0066555,0.0,0.0,0.0,0.014925,0.0,0.86,0.158587,0.86,223.0,218.0,159.0,309.0,10.53,0.0,0.0,0.0,0.0,0.0,0.0,7210.0,0
2603001376499,0.0066555,0.085714,0.0,0.0,0.114286,0.0,1.3,0.3,1.3,8.0,23.0,7.0,33.0,9.23,0.0,0.0,0.0,0.0,0.0,0.0,245.0,0
260300137661A,0.0066555,0.0,0.0,0.0,0.014925,0.0,0.0,0.0,0.0,0.0,0.0,0.0,0.0,0.0,0.0,0.0,0.0,0.0,0.0,0.0,7210.0,0
2603001378762,0.0066555,0.0,0.0,0.0,0.0,0.0,0.5,0.083333,0.5,223.0,218.0,159.0,309.0,9.0,0.0,0.0,0.0,0.0,0.0,0.0,7210.0,0
2603001378796,0.516129,0.306452,0.177419,0.225806,0.435484,0.419355,1.68,0.537235,1.68,12.0,16.0,159.0,28.0,5.72,0.0,0.0,0.0,0.0,0.0,0.0,0.0,1
2603001378809,0.666667,0.666667,0.5,0.666667,0.666667,0.0,2.11,0.879445,2.11,0.0,218.0,0.0,309.0,6.15,0.0,0.0,0.0,0.0,0.0,0.0,0.0,0
2603003430038,0.242424,0.30303,0.0,0.0,0.242424,0.333333,1.61,0.390173,1.61,14.0,18.0,3.0,32.0,6.6,0.0,0.0,0.0,0.0,0.0,0.0,0.0,0
2603003430856,0.585139,0.77709,0.020124,0.075851,0.504644,0.874613,2.46,0.75678,2.46,19.0,100.0,15.0,347.0,4.93,0.0,0.0,0.0,0.0,0.0,0.0,0.0,0
2603003430860,0.384615,0.0,0.0,0.0,0.014925,0.307692,1.62,0.770769,1.62,5.0,3.0,159.0,8.0,7.4,0.0,0.0,0.0,0.0,0.0,0.0,0.0,1
2603003430875,0.555556,0.444444,0.111111,0.088889,0.511111,0.622222,2.24,0.653333,2.24,6.0,9.0,5.0,28.0,6.64,0.0,0.0,0.0,0.0,0.0,0.0,0.0,1
260300343088A,0.0066555,0.0,0.0,0.0,0.014925,0.0,0.0,0.0,0.0,0.0,0.0,0.0,0.0,0.0,0.0,0.0,0.0,0.0,0.0,0.0,768.0,0
2603003430979,0.416667,0.166667,0.0,0.0,0.208333,0.416667,1.5,0.541667,1.5,18.0,9.0,3.0,19.0,7.37,0.0,0.0,0.0,0.0,0.0,0.0,0.0,0
2603003430983,0.5,0.0,0.0,0.0,0.014925,0.666667,1.64,0.701667,1.64,223.0,218.0,0.0,309.0,6.77,0.0,0.0,0.0,0.0,0.0,0.0,0.0,0
2603003430998,0.606061,0.636364,0.151515,0.0,0.333333,0.69697,2.1,0.75404,2.1,3.0,7.0,159.0,16.0,6.61,0.0,0.0,0.0,0.0,0.0,0.0,0.0,1
2603003431002,0.0066555,0.0,0.0,0.0,0.014925,0.0,0.86,0.158587,0.86,223.0,218.0,159.0,309.0,10.53,0.0,0.0,0.0,0.0,0.0,0.0,0.0,0
2603003431017,0.0066555,0.0,0.0,0.0,0.014925,0.0,0.0,0.0,0.0,0.0,0.0,0.0,0.0,0.0,0.0,1.0,0.0,0.0,0.0,0.0,0.0,0
2603003431021,0.730769,0.961538,0.0,0.153846,0.461538,0.923077,3.0,0.89011,3.0,0.0,3.0,0.0,15.0,4.32,0.0,0.0,0.0,0.0,0.0,0.0,0.0,0
2603003431036,0.409091,0.863636,0.0,0.0,0.363636,0.863636,2.3,0.96,2.3,223.0,218.0,0.0,14.0,4.79,0.0,0.0,0.0,0.0,0.0,0.0,0.0,0
2603003431341,0.625,0.0,0.0,0.0,0.375,0.5,1.43,0.586,1.43,5.0,218.0,159.0,6.0,4.08,0.0,0.0,0.0,0.0,0.0,0.0,0.0,1
2603003431356,0.0066555,0.0,0.0,0.0,0.014925,0.0,1.63,0.4075,1.63,4.0,218.0,159.0,4.0,8.45,0.0,0.0,0.0,0.0,0.0,0.0,0.0,0
2603003431483,0.0,0.0,0.0,0.0,0.0,0.0,1.23,0.175714,1.23,13.0,21.0,7.0,36.0,9.62,0.0,0.0,0.0,0.0,0.0,0.0,0.0,0
2603003433102,0.033097,0.010638,0.007092,0.023641,0.119385,0.015366,1.18,0.19846,1.18,381.0,386.0,195.0,769.0,7.7,1.0,2.0,0.0,0.0,0.0,0.0,867.0,0
2603003433117,0.047458,0.00678,0.0,0.022034,0.150847,0.011864,1.16,0.233164,1.16,287.0,302.0,143.0,496.0,7.93,4.0,0.0,0.0,0.0,0.0,0.0,764.0,0
2603003433121,0.023033,0.0,0.0,0.023033,0.122841,0.011516,1.19,0.274085,1.19,361.0,257.0,116.0,438.0,7.86,0.0,1.0,0.0,0.0,0.0,0.0,764.0,0
2603003433136,0.045882,0.063529,0.022353,0.071765,0.228235,0.075294,1.22,0.246723,1.22,321.0,355.0,182.0,644.0,7.66,10.0,4.0,0.0,0.0,0.0,0.0,764.0,0
2603003434882,0.070465,0.013493,0.007496,0.032984,0.178411,0.046477,1.54,0.269904,1.54,223.0,266.0,116.0,566.0,7.15,0.0,0.0,0.0,0.0,0.0,0.0,768.0,0
2603003434897,0.058725,0.036913,0.010067,0.031879,0.181208,0.038591,1.47,0.261055,1.47,184.0,242.0,108.0,522.0,7.34,0.0,1.0,0.0,0.0,0.0,0.0,768.0,0
2603003435541,0.017544,0.017544,0.013158,0.039474,0.20614,0.026316,1.32,0.234311,1.32,96.0,85.0,41.0,186.0,7.27,0.0,0.0,0.0,0.0,0.0,0.0,768.0,0
2603003435556,0.02807,0.005263,0.010526,0.02807,0.066667,0.008772,1.35,0.21391,1.35,229.0,265.0,118.0,516.0,7.72,0.0,1.0,0.0,0.0,0.0,0.0,867.0,0
2603003435787,0.139535,0.0,0.069767,0.0,0.162791,0.209302,1.65,0.371899,1.65,14.0,20.0,4.0,35.0,6.18,0.0,0.0,0.0,0.0,0.0,0.0,764.0,1
2603003435791,0.0066555,0.0,0.0,0.0,0.014925,0.0,0.86,0.158587,0.86,223.0,218.0,159.0,309.0,10.53,0.0,1.0,0.0,0.0,0.0,0.0,0.0,0
2603003435804,0.114286,0.053571,0.021429,0.039286,0.210714,0.092857,1.58,0.301735,1.58,52.0,104.0,39.0,211.0,6.75,0.0,0.0,0.0,0.0,0.0,0.0,768.0,0
2603003435819,0.148148,0.0,0.0,0.111111,0.240741,0.259259,1.72,0.41321,1.72,14.0,22.0,5.0,41.0,6.57,0.0,0.0,0.0,0.0,0.0,0.0,764.0,0
2603003435931,0.067416,0.033708,0.0,0.0,0.078652,0.078652,1.61,0.373686,1.61,3.0,31.0,4.0,78.0,6.55,0.0,0.0,0.0,0.0,0.0,0.0,0.0,0
2603003435946,0.102564,0.0,0.0,0.0,0.217949,0.051282,1.48,0.370359,1.48,35.0,41.0,14.0,67.0,7.15,0.0,0.0,0.0,0.0,0.0,0.0,768.0,0
2603003436249,0.100223,0.104677,0.022272,0.026726,0.184855,0.167038,1.66,0.323684,1.66,110.0,135.0,48.0,370.0,6.85,0.0,1.0,0.0,0.0,0.0,0.0,768.0,0
2603003436253,0.097087,0.029126,0.0,0.043689,0.208738,0.116505,1.65,0.357524,1.65,5.0,68.0,11.0,163.0,6.64,0.0,1.0,0.0,0.0,0.0,0.0,0.0,0
2603003436268,0.157303,0.224719,0.0,0.0,0.269663,0.292135,1.71,0.530764,1.71,8.0,27.0,9.0,66.0,6.07,0.0,0.0,0.0,0.0,0.0,0.0,764.0,0
2603003436501,0.0066555,0.235294,0.0,0.0,0.294118,0.176471,1.82,0.505177,1.82,223.0,218.0,159.0,12.0,7.57,0.0,0.0,0.0,0.0,0.0,0.0,0.0,0
2603003436516,0.082474,0.0,0.0,0.041237,0.340206,0.092784,1.58,0.356117,1.58,3.0,30.0,5.0,67.0,6.35,0.0,0.0,0.0,0.0,0.0,0.0,0.0,0
2603003436520,0.0,0.0,0.0,0.0,0.5,0.0,1.25,0.4375,1.25,4.0,3.0,3.0,5.0,6.9,0.0,1.0,0.0,0.0,0.0,0.0,687.0,1
2603003436535,0.032051,0.0,0.0,0.070513,0.352564,0.096154,1.45,0.400256,1.45,132.0,68.0,27.0,124.0,7.69,0.0,0.0,0.0,0.0,0.0,0.0,764.0,0
260300343654A,0.156295,0.221418,0.005789,0.075253,0.315485,0.237337,1.84,0.407368,1.84,44.0,176.0,36.0,519.0,6.39,0.0,0.0,0.0,0.0,0.0,0.0,0.0,0
2603003436554,0.063636,0.081818,0.0,0.031818,0.368182,0.072727,1.45,0.344697,1.45,71.0,80.0,29.0,155.0,7.44,0.0,1.0,0.0,0.0,0.0,0.0,0.0,0
2603003436569,0.0,0.0,0.0,0.0,0.0,0.0,1.09,0.155714,1.09,10.0,15.0,7.0,27.0,8.76,0.0,0.0,0.0,0.0,0.0,0.0,755.0,1
2603003436573,0.0066555,0.0,0.0,0.0,0.014925,0.0,0.0,0.0,0.0,0.0,0.0,0.0,0.0,0.0,2.0,0.0,0.0,0.0,0.0,0.0,687.0,0
2603003436588,0.153488,0.139535,0.0,0.037209,0.293023,0.413953,1.9,0.419601,1.9,13.0,48.0,6.0,153.0,6.08,0.0,1.0,0.0,0.0,0.0,0.0,0.0,0
2603003437533,0.321705,0.370155,0.021318,0.073643,0.335271,0.697674,2.03,0.549967,2.03,25.0,102.0,15.0,322.0,5.55,0.0,0.0,0.0,0.0,0.0,0.0,0.0,0
2603003437730,0.130435,0.144928,0.0,0.0,0.173913,0.217391,1.48,0.306667,1.48,11.0,33.0,8.0,68.0,6.67,0.0,0.0,0.0,0.0,0.0,0.0,0.0,0
2603003437745,0.0,0.0,0.0,0.0,0.014925,0.0,1.5,0.25,1.5,223.0,218.0,159.0,3.0,8.86,0.0,0.0,0.0,0.0,0.0,0.0,0.0,0
260300343775A,0.0066555,0.333333,0.0,0.333333,0.416667,0.333333,1.86,0.655333,1.86,0.0,4.0,0.0,6.0,5.29,0.0,0.0,0.0,0.0,0.0,0.0,0.0,0
2603003438156,0.431034,0.189655,0.086207,0.155172,0.37931,0.913793,1.89,0.577882,1.89,223.0,7.0,159.0,36.0,5.6,0.0,0.0,0.0,0.0,0.0,0.0,0.0,0
2603003438160,0.10101,0.0,0.0,0.040404,0.30303,0.20202,1.62,0.377744,1.62,74.0,27.0,5.0,80.0,6.94,0.0,0.0,0.0,0.0,0.0,0.0,764.0,0
2603003438175,0.0066555,0.166667,0.0,0.0,0.5,0.0,1.64,0.461333,1.64,10.0,6.0,159.0,14.0,7.09,0.0,0.0,0.0,0.0,0.0,0.0,0.0,1
260300343818A,0.121212,0.0,0.0,0.0,0.212121,0.181818,1.9,0.402525,1.9,223.0,11.0,4.0,26.0,7.01,0.0,0.0,0.0,0.0,0.0,0.0,0.0,1
2603003438194,0.0,0.0,0.0,0.0,0.014925,0.0,1.43,0.286,1.43,23.0,50.0,12.0,83.0,8.17,0.0,0.0,0.0,0.0,0.0,0.0,768.0,0
2603003438207,0.55,1.0,0.0,0.2,0.55,1.0,2.26,0.794286,2.26,0.0,3.0,0.0,7.0,4.96,0.0,0.0,0.0,0.0,0.0,0.0,0.0,0
2603003438565,0.0,0.0,0.0,0.0,0.014925,0.0,1.52,0.304,1.52,223.0,32.0,4.0,55.0,7.2,0.0,0.0,0.0,0.0,0.0,0.0,0.0,1
2603003438813,0.438356,0.835616,0.0,0.054795,0.342466,0.863014,2.21,0.790708,2.21,223.0,15.0,4.0,46.0,5.76,0.0,0.0,0.0,0.0,0.0,0.0,0.0,0
2603003438828,0.0,0.0,0.0,0.0,0.0,0.0,1.15,0.164286,1.15,223.0,18.0,159.0,36.0,8.83,0.0,0.0,0.0,0.0,0.0,0.0,0.0,0
2603005350042,0.0066555,0.0,0.0,0.0,0.014925,0.0,0.86,0.158587,0.86,223.0,218.0,159.0,309.0,10.53,0.0,0.0,0.0,0.0,0.0,0.0,0.0,0
260300535138A,0.0066555,0.0,0.0,0.0,0.014925,0.0,0.86,0.158587,0.86,223.0,218.0,159.0,309.0,10.53,0.0,0.0,0.0,0.0,0.0,0.0,0.0,0
2603005357764,0.0066555,0.0,0.0,0.0,0.042254,0.0,0.99,0.516127,0.99,101.0,124.0,66.0,153.0,9.91,0.0,0.0,0.0,0.0,0.0,0.0,0.0,1
2603005357779,0.02507,0.016713,0.0,0.0,0.069638,0.008357,1.05,0.233956,1.05,230.0,270.0,159.0,380.0,9.31,0.0,2.0,0.0,0.0,0.0,0.0,0.0,0
2603005357783,0.020243,0.024291,0.0,0.0,0.064777,0.024291,0.99,0.22472,0.99,159.0,175.0,108.0,271.0,9.32,2.0,1.0,0.0,0.0,0.0,0.0,0.0,0
260300535857A,0.0066555,0.0,0.0,0.0,0.014925,0.0,2.4,2.4,2.4,223.0,3.0,159.0,3.0,8.29,0.0,0.0,0.0,0.0,0.0,0.0,0.0,0
2603005358584,0.0,0.0,0.0,0.0,0.0,0.0,1.0,0.25,1.0,223.0,218.0,0.0,3.0,6.8,0.0,0.0,0.0,0.0,0.0,0.0,0.0,0
2603005358599,0.15,0.0,0.0,0.0,0.3,0.6,1.81,0.476667,1.81,223.0,6.0,3.0,18.0,7.63,0.0,0.0,0.0,0.0,0.0,0.0,0.0,0
2603005358832,0.0,0.0,0.0,0.0,0.0,0.0,1.0,0.166667,1.0,223.0,3.0,159.0,3.0,8.33,0.0,0.0,0.0,0.0,0.0,0.0,0.0,0
2603005358847,0.0066555,0.0,0.0,0.0,0.014925,0.0,0.86,0.158587,0.86,223.0,218.0,159.0,309.0,10.53,0.0,0.0,0.0,0.0,0.0,0.0,0.0,0
2603005358851,0.0,0.0,0.0,0.0,0.0,0.0,1.12,0.16,1.12,17.0,18.0,12.0,27.0,10.15,0.0,0.0,2.0,0.0,0.0,0.0,0.0,0
